record_id,mention_id,raw_text,amount_text,amount_number,currency,sentence,is_primary_candidate,source_field
CSQP-SFHC-TEXT-001,CSQP-SFHC-TEXT-001-AMT-001,荷银弍元,弍元,2,荷银,批款：荷银弍元,1,body_clean
CSQP-SFHC-TEXT-002,CSQP-SFHC-TEXT-002-AMT-001,大洋银捌元,捌元,8,大洋,批款：大洋银捌元,1,body_clean
CSQP-SFHC-TEXT-002,CSQP-SFHC-TEXT-002-AMT-002,大良（银）捌元,捌元,8,银元,兹轮便，奉大良（银）捌元，至时查收，以助家中之用也。,0,body_clean
CSQP-SFHC-TEXT-003,CSQP-SFHC-TEXT-003-AMT-001,英洋拾贰元,拾贰元,12,英洋,批款：英洋拾贰元,1,body_clean
CSQP-SFHC-TEXT-003,CSQP-SFHC-TEXT-003-AMT-002,良（银）十二元,十二元,12,银元,兹轮便，寄洋良（银）十二元，至日如字查收，以应家中之用也。,0,body_clean
CSQP-SFHC-TEXT-004,CSQP-SFHC-TEXT-004-AMT-001,大洋伍拾元,伍拾元,50,大洋,兹逢洋轮往汕，付信局带上一函，并大洋伍拾元，到日查收。,1,body_clean
CSQP-SFHC-TEXT-004,CSQP-SFHC-TEXT-004-AMT-002,式元,式元,2,元,内抹出式元，分老鹅侄收，又抹出式元，分海发弟收，余者以作家中之需可也。,0,body_clean
CSQP-SFHC-TEXT-005,CSQP-SFHC-TEXT-005-AMT-001,大银十四元,十四元,14,银元,兹逢丙轮之便，即付大银十四元，到祈查收。,1,body_clean
CSQP-SFHC-TEXT-005,CSQP-SFHC-TEXT-005-AMT-002,一元,一元,1,元,内抹一元交玉珍收用，又抹一元交碧音收用，又抹一元耀凯收用，又抹一元，侄妇收用，余存十元，家情之需是荷。,0,body_clean
CSQP-SFHC-TEXT-005,CSQP-SFHC-TEXT-005-AMT-003,十元,十元,10,元,内抹一元交玉珍收用，又抹一元交碧音收用，又抹一元耀凯收用，又抹一元，侄妇收用，余存十元，家情之需是荷。,0,body_clean
CSQP-SFHC-TEXT-006,CSQP-SFHC-TEXT-006-AMT-001,大洋银捌元,捌元,8,大洋,敬禀者，兹逢船透【往】汕，并付大洋银捌元，到祈检收，作为家需之用。,1,body_clean
CSQP-SFHC-TEXT-007,CSQP-SFHC-TEXT-007-AMT-001,大洋捌元,捌元,8,大洋,批款：大洋捌元,1,body_clean
CSQP-SFHC-TEXT-007,CSQP-SFHC-TEXT-007-AMT-002,大洋捌元,捌元,8,大洋,敬禀者，兹逢轮便，付信局呈上大洋捌元，到日祈查收，以资家用。,0,body_clean
CSQP-SFHC-TEXT-008,CSQP-SFHC-TEXT-008-AMT-001,大洋银五元,五元,5,大洋,敬禀者，本月十六日，兹逢大火船透【往】汕，并奉大洋银五元，到祈检收，以作家需之用。,1,body_clean
CSQP-SFHC-TEXT-009,CSQP-SFHC-TEXT-009-AMT-001,大银捌元,捌元,8,银元,顺便付去大银捌元，到时查收家用。,1,body_clean
CSQP-SFHC-TEXT-010,CSQP-SFHC-TEXT-010-AMT-001,大洋银叁拾元,叁拾元,30,大洋,今奉上大洋银叁拾元，到日查收，以作家需可也。,1,body_clean
CSQP-SFHC-TEXT-011,CSQP-SFHC-TEXT-011-AMT-001,大银肆元,肆元,4,银元,批款：大银肆元,1,body_clean
CSQP-SFHC-TEXT-011,CSQP-SFHC-TEXT-011-AMT-002,大良（银）四元,四元,4,银元,是天付去大良（银）四元，至祈查收，以作茶果之需，望□笑纳，容后面叙。,0,body_clean
CSQP-SFHC-TEXT-012,CSQP-SFHC-TEXT-012-AMT-001,大洋银肆元,肆元,4,大洋,兹逢杨（洋）轮，付信局带去大洋银肆元，到祈查收，以作茶果之用。,1,body_clean
CSQP-SFHC-TEXT-013,CSQP-SFHC-TEXT-013-AMT-001,银伍元,伍元,5,银元,批款：银伍元,1,body_clean
CSQP-SFHC-TEXT-013,CSQP-SFHC-TEXT-013-AMT-002,大洋银伍元,伍元,5,大洋,敬禀者，兹奉上大洋银伍元，至日查收，谅大人玉体康钦为慰。,0,body_clean
CSQP-SFHC-TEXT-014,CSQP-SFHC-TEXT-014-AMT-001,光洋银拾伍元,拾伍元,15,银元,批款：光洋银拾伍元,1,body_clean
CSQP-SFHC-TEXT-014,CSQP-SFHC-TEXT-014-AMT-002,光洋银拾伍元,拾伍元,15,银元,兹逢火轮返汕，付信局递呈一禀，外光洋银拾伍元，到祈照收。,0,body_clean
CSQP-SFHC-TEXT-014,CSQP-SFHC-TEXT-014-AMT-003,一元,一元,1,元,抹出一元，交三妗收用，余充家需。,0,body_clean
CSQP-SFHC-TEXT-015,CSQP-SFHC-TEXT-015-AMT-001,大银十五元,十五元,15,银元,兹承便付去大银十五元，至日祈为查收。,1,body_clean
CSQP-SFHC-TEXT-016,CSQP-SFHC-TEXT-016-AMT-001,大洋银陆元,陆元,6,大洋,兹付信局，奉上大洋银陆元，到时查收，以作大人果饵之需。,1,body_clean
CSQP-SFHC-TEXT-017,CSQP-SFHC-TEXT-017-AMT-001,洋银肆元,肆元,4,银元,批款：洋银肆元,1,body_clean
CSQP-SFHC-TEXT-017,CSQP-SFHC-TEXT-017-AMT-002,洋银肆元,肆元,4,银元,兹寄批局，带去洋银肆元，至照查收，以安家计。,0,body_clean
CSQP-SFHC-TEXT-018,CSQP-SFHC-TEXT-018-AMT-001,大洋银捌元,捌元,8,大洋,兹付信局奉上大洋银捌元，到时查收，以助家用是荷，余言后禀。,1,body_clean
CSQP-SFHC-TEXT-019,CSQP-SFHC-TEXT-019-AMT-001,洋银陆元,陆元,6,银元,敬启者，刻逢羽便，呈上洋银陆元查收。,1,body_clean
CSQP-SFHC-TEXT-019,CSQP-SFHC-TEXT-019-AMT-002,良（银）二十五元,二十五元,25,银元,但兄台玉体康健，但刻呷坡来有飞机【机】三四只（架），每次坐上飞去，每人大洋良（银）二十五元，因此连知，余言后叙。,0,body_clean
CSQP-SFHC-TEXT-020,CSQP-SFHC-TEXT-020-AMT-001,中正银贰元,贰元,2,银元,兹修寸草以藉申候，外并附中正银贰元，至时检收，幸祈笑纳。,1,body_clean
CSQP-SFHC-TEXT-021,CSQP-SFHC-TEXT-021-AMT-001,洋银拾元,拾元,10,银元,兹寄去洋银拾元，至其（祈）理收，内计抹壹元交妹娥收，余者以充家费，男在外平善。,1,body_clean
CSQP-SFHC-TEXT-021,CSQP-SFHC-TEXT-021-AMT-002,壹元,壹元,1,元,兹寄去洋银拾元，至其（祈）理收，内计抹壹元交妹娥收，余者以充家费，男在外平善。,0,body_clean
CSQP-SFHC-TEXT-022,CSQP-SFHC-TEXT-022-AMT-001,大良（银）四元,四元,4,银元,启者，是天有船开行之便，顺寄上大良（银）四元正，至祈查收，两地平安，顺此奉上。,1,body_clean
CSQP-SFHC-TEXT-023,CSQP-SFHC-TEXT-023-AMT-001,大洋拾元,拾元,10,大洋,兹付去大洋拾元，至时查收，回音示知为荷。,1,body_clean
CSQP-SFHC-TEXT-024,CSQP-SFHC-TEXT-024-AMT-001,光洋银二十元,二十元,20,银元,批款：光洋银二十元,1,body_clean
CSQP-SFHC-TEXT-024,CSQP-SFHC-TEXT-024-AMT-002,光洋银二十元,二十元,20,银元,敬禀者，现以（已）付批局，带去光洋银二十元，到时查收，计抹二元交慈亲收用，余存十八元家用。,0,body_clean
CSQP-SFHC-TEXT-024,CSQP-SFHC-TEXT-024-AMT-003,二元,二元,2,元,敬禀者，现以（已）付批局，带去光洋银二十元，到时查收，计抹二元交慈亲收用，余存十八元家用。,0,body_clean
CSQP-SFHC-TEXT-024,CSQP-SFHC-TEXT-024-AMT-004,十八元,十八元,18,元,敬禀者，现以（已）付批局，带去光洋银二十元，到时查收，计抹二元交慈亲收用，余存十八元家用。,0,body_clean
CSQP-SFHC-TEXT-025,CSQP-SFHC-TEXT-025-AMT-001,国币十五元,十五元,15,国币,兹顺付上国币十五元，至请查收，内祈抹出大银贰元，送与大姐，又贰元内人送大嫂，以代肉卵之敬，余存十一元，以应先君忌祭，以及先祖扫墓等费，妥否示教为盼。,1,body_clean
CSQP-SFHC-TEXT-025,CSQP-SFHC-TEXT-025-AMT-002,大银贰元,贰元,2,银元,兹顺付上国币十五元，至请查收，内祈抹出大银贰元，送与大姐，又贰元内人送大嫂，以代肉卵之敬，余存十一元，以应先君忌祭，以及先祖扫墓等费，妥否示教为盼。,0,body_clean
CSQP-SFHC-TEXT-025,CSQP-SFHC-TEXT-025-AMT-003,贰元,贰元,2,元,兹顺付上国币十五元，至请查收，内祈抹出大银贰元，送与大姐，又贰元内人送大嫂，以代肉卵之敬，余存十一元，以应先君忌祭，以及先祖扫墓等费，妥否示教为盼。,0,body_clean
CSQP-SFHC-TEXT-025,CSQP-SFHC-TEXT-025-AMT-004,十一元,十一元,11,元,兹顺付上国币十五元，至请查收，内祈抹出大银贰元，送与大姐，又贰元内人送大嫂，以代肉卵之敬，余存十一元，以应先君忌祭，以及先祖扫墓等费，妥否示教为盼。,0,body_clean
CSQP-SFHC-TEXT-026,CSQP-SFHC-TEXT-026-AMT-001,洋银陆元,陆元,6,银元,逢轮回梓羽便，付去英洋银陆元，到日查收应用。,1,body_clean
CSQP-SFHC-TEXT-027,CSQP-SFHC-TEXT-027-AMT-001,大银八元,八元,8,银元,兹付去大银八元，到时查收，家中之用也。,1,body_clean
CSQP-SFHC-TEXT-028,CSQP-SFHC-TEXT-028-AMT-001,大良（银）弍元,弍元,2,银元,兹逢轮船之便，外奉上大良（银）弍元，到时查收，以为大人茶果之需。,1,body_clean
CSQP-SFHC-TEXT-029,CSQP-SFHC-TEXT-029-AMT-001,大银壹拾五元,壹拾五元,15,银元,批款：大银壹拾五元,1,body_clean
CSQP-SFHC-TEXT-029,CSQP-SFHC-TEXT-029-AMT-002,大银壹拾五元,壹拾五元,15,银元,是帮【次】寄去大银壹拾五元至□查收，以应家费。,0,body_clean
CSQP-SFHC-TEXT-029,CSQP-SFHC-TEXT-029-AMT-003,15元,15元,15,元,此15元抽出4元送熟地之项，余□支作家费。,0,body_clean
CSQP-SFHC-TEXT-029,CSQP-SFHC-TEXT-029-AMT-004,4元,4元,4,元,此15元抽出4元送熟地之项，余□支作家费。,0,body_clean
CSQP-SFHC-TEXT-030,CSQP-SFHC-TEXT-030-AMT-001,大银捌元,捌元,8,银元,批款：大银捌元,1,body_clean
CSQP-SFHC-TEXT-030,CSQP-SFHC-TEXT-030-AMT-002,大银八元,八元,8,银元,兹以顺轮付去大银八元，到时查收，家中之用，余无别嘱。,0,body_clean
CSQP-SFHC-TEXT-031,CSQP-SFHC-TEXT-031-AMT-001,英洋伍元,伍元,5,英洋,兹奉上英洋伍元，抵时晒存，以作腰仪之用，聊表寸衷。,1,body_clean
CSQP-SFHC-TEXT-032,CSQP-SFHC-TEXT-032-AMT-001,贰拾元,贰拾元,20,元,今逢轮转，呈上贰拾元，到时查收，家用可也。,1,body_clean
CSQP-SFHC-TEXT-033,CSQP-SFHC-TEXT-033-AMT-001,大银贰元,贰元,2,银元,批款：大银贰元,1,body_clean
CSQP-SFHC-TEXT-034,CSQP-SFHC-TEXT-034-AMT-001,银拾贰元,拾贰元,12,银元,批款：大光银拾贰元,1,body_clean
CSQP-SFHC-TEXT-034,CSQP-SFHC-TEXT-034-AMT-002,银拾贰元,拾贰元,12,银元,兹付去大光银拾贰元，到即检收，以充家费。,0,body_clean
CSQP-SFHC-TEXT-035,CSQP-SFHC-TEXT-035-AMT-001,洋银壹拾伍元,壹拾伍元,15,银元,兹奉呈洋银壹拾伍元，到时查收，以作家用乃盼。,1,body_clean
CSQP-SFHC-TEXT-036,CSQP-SFHC-TEXT-036-AMT-001,大洋银拾元,拾元,10,大洋,批款：大洋银拾元,1,body_clean
CSQP-SFHC-TEXT-036,CSQP-SFHC-TEXT-036-AMT-002,大洋银拾元,拾元,10,大洋,敬启者，兹呈天□信局，带去家批一道，外及大洋银拾元至时查展，以助俺家庭用之。,0,body_clean
CSQP-SFHC-TEXT-037,CSQP-SFHC-TEXT-037-AMT-001,大洋银弍拾元,弍拾元,20,大洋,兹承父亲之命，奉上大洋银弍拾元，到时收入，家用为是，余容后禀。,1,body_clean
CSQP-SFHC-TEXT-038,CSQP-SFHC-TEXT-038-AMT-001,银叁拾元,叁拾元,30,银元,批款：银叁拾元,1,body_clean
CSQP-SFHC-TEXT-038,CSQP-SFHC-TEXT-038-AMT-002,大银叁拾元,叁拾元,30,银元,现值有便，特呈大银叁拾元，以为追助葬礼之需，藉表寸忱，以赎罪戾也。,0,body_clean
CSQP-SFHC-TEXT-039,CSQP-SFHC-TEXT-039-AMT-001,大龙银拾元,拾元,10,银元,批款：大龙银拾元,1,body_clean
CSQP-SFHC-TEXT-040,CSQP-SFHC-TEXT-040-AMT-001,二十元,二十元,20,元,欠大妹尾次的二十元，亦定下信寄还也。,0,body_clean
CSQP-SFHC-TEXT-040,CSQP-SFHC-TEXT-040-AMT-002,大银式元,式元,2,银元,外附大银式元，至请收用乃荷，并候,1,body_clean
CSQP-SFHC-TEXT-041,CSQP-SFHC-TEXT-041-AMT-001,良（银）四元,四元,4,银元,批款：洋良（银）四元,1,body_clean
CSQP-SFHC-TEXT-042,CSQP-SFHC-TEXT-042-AMT-001,大银六元,六元,6,银元,兹承便付去大银六元，至希查收，以助家费，专此奉达。,1,body_clean
CSQP-SFHC-TEXT-043,CSQP-SFHC-TEXT-043-AMT-001,法币拾元,拾元,10,国币,敬启者，刻适逢轮转汕，奉上法币拾元，到希查收，以助家用。,1,body_clean
CSQP-SFHC-TEXT-044,CSQP-SFHC-TEXT-044-AMT-001,法币壹拾元,壹拾元,10,国币,另者，兹逢轮船，即寄上大法币壹拾元查收，家情应用也。,1,body_clean
CSQP-SFHC-TEXT-045,CSQP-SFHC-TEXT-045-AMT-001,国币拾肆元,拾肆元,14,国币,兹因轮之便，即奉上国币拾肆元，到时查收。,1,body_clean
CSQP-SFHC-TEXT-045,CSQP-SFHC-TEXT-045-AMT-002,肆元,肆元,4,元,内肆元即吾细叔寄交祖母三元，交四婶壹元，余十元，即儿寄交双亲以助家需，专此奉告。,0,body_clean
CSQP-SFHC-TEXT-045,CSQP-SFHC-TEXT-045-AMT-003,三元,三元,3,元,内肆元即吾细叔寄交祖母三元，交四婶壹元，余十元，即儿寄交双亲以助家需，专此奉告。,0,body_clean
CSQP-SFHC-TEXT-045,CSQP-SFHC-TEXT-045-AMT-004,壹元,壹元,1,元,内肆元即吾细叔寄交祖母三元，交四婶壹元，余十元，即儿寄交双亲以助家需，专此奉告。,0,body_clean
CSQP-SFHC-TEXT-045,CSQP-SFHC-TEXT-045-AMT-005,十元,十元,10,元,内肆元即吾细叔寄交祖母三元，交四婶壹元，余十元，即儿寄交双亲以助家需，专此奉告。,0,body_clean
CSQP-SFHC-TEXT-046,CSQP-SFHC-TEXT-046-AMT-001,国币拾元,拾元,10,国币,刻逢批局之便，外呈国币拾元，至日查收，以应家情之用也。,1,body_clean
CSQP-SFHC-TEXT-047,CSQP-SFHC-TEXT-047-AMT-001,英洋伍元,伍元,5,英洋,批款：英洋伍元,1,body_clean
CSQP-SFHC-TEXT-047,CSQP-SFHC-TEXT-047-AMT-002,币伍元,伍元,5,元,敬禀者，聆悉有船透【往】汕，便寄壹信，外并大英币伍元，到视（时）务望检收，以帮家计之需。,0,body_clean
CSQP-SFHC-TEXT-048,CSQP-SFHC-TEXT-048-AMT-001,国币四角,四角,4,国币,但孙现刻处境十分困难，要将家批分而为二，而批费每张折合国币四角，恐区区新（薪）水，势有所不能耳。,1,body_clean
CSQP-SFHC-TEXT-049,CSQP-SFHC-TEXT-049-AMT-001,大洋币拾元,拾元,10,大洋,外呈大洋币拾元，至日查收，以应家情之用耳。,1,body_clean
CSQP-SFHC-TEXT-050,CSQP-SFHC-TEXT-050-AMT-001,国币伍拾元,伍拾元,50,国币,谨禀者，兹值轮透【往】汕，乘附出国币伍拾元，到时祈为家用。,1,body_clean
CSQP-SFHC-TEXT-050,CSQP-SFHC-TEXT-050-AMT-002,一元,一元,1,元,现在一元有儿全（简）米，各物贵否？,0,body_clean
CSQP-SFHC-TEXT-051,CSQP-SFHC-TEXT-051-AMT-001,银陆元,陆元,6,银元,兹寄去银陆元，至时查收，计抹壹元，交瑶珍妹收用，余伍元收为家用。,1,body_clean
CSQP-SFHC-TEXT-051,CSQP-SFHC-TEXT-051-AMT-002,壹元,壹元,1,元,兹寄去银陆元，至时查收，计抹壹元，交瑶珍妹收用，余伍元收为家用。,0,body_clean
CSQP-SFHC-TEXT-051,CSQP-SFHC-TEXT-051-AMT-003,伍元,伍元,5,元,兹寄去银陆元，至时查收，计抹壹元，交瑶珍妹收用，余伍元收为家用。,0,body_clean
CSQP-SFHC-TEXT-052,CSQP-SFHC-TEXT-052-AMT-001,银式元,式元,2,银元,批款：银式元,1,body_clean
CSQP-SFHC-TEXT-052,CSQP-SFHC-TEXT-052-AMT-002,英洋式元,式元,2,英洋,兹乘鸿雁之便，奉上英洋式元，到祈查收，余不赘。,0,body_clean
CSQP-SFHC-TEXT-053,CSQP-SFHC-TEXT-053-AMT-001,币壹佰元,壹佰元,100,元,是日承接来信一封，并寄来中央纸币壹佰元，经已收妥，照信分发，藉知旅暹平安，喜之胜也。,1,body_clean
CSQP-SFHC-TEXT-054,CSQP-SFHC-TEXT-054-AMT-001,银壹佰万元,壹佰万元,1000000,银元,刻外汇银壹佰万元，至祈查收妥，后照字代为分送是荷。,1,body_clean
CSQP-SFHC-TEXT-055,CSQP-SFHC-TEXT-055-AMT-001,国币四元,四元,4,国币,兹逢书批之便，奉上国币四元，至祈查收，复音示慰。,1,body_clean
CSQP-SFHC-TEXT-056,CSQP-SFHC-TEXT-056-AMT-001,中央币贰元,贰元,2,国币,批款：中央币贰元,1,body_clean
CSQP-SFHC-TEXT-056,CSQP-SFHC-TEXT-056-AMT-002,国洋二元,二元,2,国币,敬禀者，兹值年关在即，适逢轮便，谨肃上候函并呈上国洋二元，以资大人腰金之用，到望查收，示复可也。,0,body_clean
CSQP-SFHC-TEXT-057,CSQP-SFHC-TEXT-057-AMT-001,银叁拾元,叁拾元,30,银元,外奉银叁拾元，祈收妥，以资家用。,1,body_clean
CSQP-SFHC-TEXT-058,CSQP-SFHC-TEXT-058-AMT-001,中央币伍元,伍元,5,国币,兹因轮便，即寄上中央币伍元，至祈查收，以为茶果之敬，望乞笑纳是荷。,1,body_clean
CSQP-SFHC-TEXT-059,CSQP-SFHC-TEXT-059-AMT-001,中央币壹佰元,壹佰元,100,国币,批款：中央币壹佰元,1,body_clean
CSQP-SFHC-TEXT-059,CSQP-SFHC-TEXT-059-AMT-002,中央币壹佰元,壹佰元,100,国币,兹付信局去中央币壹佰元，至时查收，家中应用。,0,body_clean
CSQP-SFHC-TEXT-060,CSQP-SFHC-TEXT-060-AMT-001,中央币式元,式元,2,国币,批款：中央币式元,1,body_clean
CSQP-SFHC-TEXT-060,CSQP-SFHC-TEXT-060-AMT-002,中央币式元,式元,2,国币,今奉上中央币式元，并父亲手谕一封查收。,0,body_clean
CSQP-SFHC-TEXT-061,CSQP-SFHC-TEXT-061-AMT-001,国币拾式元,拾式元,12,国币,批款：国币拾式元,1,body_clean
CSQP-SFHC-TEXT-061,CSQP-SFHC-TEXT-061-AMT-002,十二元,十二元,12,元,此次有才若欲出洋，至切十二元与他送风为要。,0,body_clean
CSQP-SFHC-TEXT-061,CSQP-SFHC-TEXT-061-AMT-003,中央币拾弍元,拾弍元,12,国币,兹附上中央币拾弍元，至时查收。,0,body_clean
CSQP-SFHC-TEXT-061,CSQP-SFHC-TEXT-061-AMT-004,弍元,弍元,2,元,弍元母亲收用，余拾元以充家资。,0,body_clean
CSQP-SFHC-TEXT-061,CSQP-SFHC-TEXT-061-AMT-005,拾元,拾元,10,元,弍元母亲收用，余拾元以充家资。,0,body_clean
CSQP-SFHC-TEXT-062,CSQP-SFHC-TEXT-062-AMT-001,大银壹拾元,壹拾元,10,银元,敬启者，兹因邮船之便，付（附）去大银壹拾元，至祈查收，以作家用。,1,body_clean
CSQP-SFHC-TEXT-062,CSQP-SFHC-TEXT-062-AMT-002,十一二元,十一二元,12,元,本应裁章恭候安好，只因数年来南中取利甚难，兼又先慈亡后，舅父大非早比，毫无半点亲谊，对为夫如全（同）外人，每月薪金不过十一二元之度，除家批、身字之后，毫无盈余，故对诸亲戚久久问候，实因此之故耳。,0,body_clean
CSQP-SFHC-TEXT-063,CSQP-SFHC-TEXT-063-AMT-001,中央法币陆元,陆元,6,国币,批款：中央法币陆元,1,body_clean
CSQP-SFHC-TEXT-063,CSQP-SFHC-TEXT-063-AMT-002,中央法币陆元,陆元,6,国币,敬禀者，兹逢船透【往】汕，顺付（附）去中央法币陆元，到照检收，以助家庭生活费。,0,body_clean
CSQP-SFHC-TEXT-064,CSQP-SFHC-TEXT-064-AMT-001,中央币壹拾元,壹拾元,10,国币,批款：中央币壹拾元,1,body_clean
CSQP-SFHC-TEXT-064,CSQP-SFHC-TEXT-064-AMT-002,中央币壹拾元,壹拾元,10,国币,启者，是天轮便，寄上中央币壹拾元，到祈查收，以助家情之用也。,0,body_clean
CSQP-SFHC-TEXT-065,CSQP-SFHC-TEXT-065-AMT-001,国币捌元,捌元,8,国币,兹承轮便寄上国币捌元，至祈检收。,1,body_clean
CSQP-SFHC-TEXT-065,CSQP-SFHC-TEXT-065-AMT-002,弍元,弍元,2,元,计奉弍元，为大人茶果之用，弍元转交三兄，余充家中之需。,0,body_clean
CSQP-SFHC-TEXT-066,CSQP-SFHC-TEXT-066-AMT-001,银贰拾元,贰拾元,20,银元,批款：银贰拾元,1,body_clean
CSQP-SFHC-TEXT-066,CSQP-SFHC-TEXT-066-AMT-002,国币贰拾元,贰拾元,20,国币,兹逢火轮之便，特奉上国币贰拾元，至祈检收，乃盼。,0,body_clean
CSQP-SFHC-TEXT-067,CSQP-SFHC-TEXT-067-AMT-001,法币伍拾元,伍拾元,50,国币,批款：法币伍拾元,1,body_clean
CSQP-SFHC-TEXT-067,CSQP-SFHC-TEXT-067-AMT-002,一十五元,一十五元,15,元,上帮船寄去前溪许老姑家一十五元，附以为告。,0,body_clean
CSQP-SFHC-TEXT-067,CSQP-SFHC-TEXT-067-AMT-003,法币伍十元,伍十元,50,国币,兹值暹轮来汕，乘附去法币伍十元，到时祈查收，以充家用也。,0,body_clean
CSQP-SFHC-TEXT-068,CSQP-SFHC-TEXT-068-AMT-001,国币贰拾元,贰拾元,20,国币,批款：国币贰拾元,1,body_clean
CSQP-SFHC-TEXT-068,CSQP-SFHC-TEXT-068-AMT-002,国币贰拾元,贰拾元,20,国币,即付去国币贰拾元查收，以为家情之用也。,0,body_clean
CSQP-SFHC-TEXT-069,CSQP-SFHC-TEXT-069-AMT-001,国币叁拾元,叁拾元,30,国币,今逢宝轮回汕，奉上一函，并国币叁拾元，到时查收，已（以）家中之用。,1,body_clean
CSQP-SFHC-TEXT-070,CSQP-SFHC-TEXT-070-AMT-001,国币式拾伍元,式拾伍元,25,国币,批款：国币式拾伍元,1,body_clean
CSQP-SFHC-TEXT-071,CSQP-SFHC-TEXT-071-AMT-001,中央币肆拾元,肆拾元,40,国币,批款：中央币肆拾元,1,body_clean
CSQP-SFHC-TEXT-071,CSQP-SFHC-TEXT-071-AMT-002,伍元,伍元,5,元,所云伍元头贴水六寸，此间批局，贴汕方代理，每批不论多少良（银）项，总以一成计算，假若一帮十万元，即以一万元为一元头者，每千元贴水六十元，伍元贴水六寸，也不算多。,0,body_clean
CSQP-SFHC-TEXT-071,CSQP-SFHC-TEXT-071-AMT-003,十万元,十万元,100000,元,所云伍元头贴水六寸，此间批局，贴汕方代理，每批不论多少良（银）项，总以一成计算，假若一帮十万元，即以一万元为一元头者，每千元贴水六十元，伍元贴水六寸，也不算多。,0,body_clean
CSQP-SFHC-TEXT-071,CSQP-SFHC-TEXT-071-AMT-004,一万元,一万元,10000,元,所云伍元头贴水六寸，此间批局，贴汕方代理，每批不论多少良（银）项，总以一成计算，假若一帮十万元，即以一万元为一元头者，每千元贴水六十元，伍元贴水六寸，也不算多。,0,body_clean
CSQP-SFHC-TEXT-071,CSQP-SFHC-TEXT-071-AMT-005,一元,一元,1,元,所云伍元头贴水六寸，此间批局，贴汕方代理，每批不论多少良（银）项，总以一成计算，假若一帮十万元，即以一万元为一元头者，每千元贴水六十元，伍元贴水六寸，也不算多。,0,body_clean
CSQP-SFHC-TEXT-071,CSQP-SFHC-TEXT-071-AMT-006,千元,千元,1000,元,所云伍元头贴水六寸，此间批局，贴汕方代理，每批不论多少良（银）项，总以一成计算，假若一帮十万元，即以一万元为一元头者，每千元贴水六十元，伍元贴水六寸，也不算多。,0,body_clean
CSQP-SFHC-TEXT-071,CSQP-SFHC-TEXT-071-AMT-007,六十元,六十元,60,元,所云伍元头贴水六寸，此间批局，贴汕方代理，每批不论多少良（银）项，总以一成计算，假若一帮十万元，即以一万元为一元头者，每千元贴水六十元，伍元贴水六寸，也不算多。,0,body_clean
CSQP-SFHC-TEXT-071,CSQP-SFHC-TEXT-071-AMT-008,国币肆拾元,肆拾元,40,国币,兹付上国币肆拾元，到时检收，内抹肆元，与细婶家用。,0,body_clean
CSQP-SFHC-TEXT-071,CSQP-SFHC-TEXT-071-AMT-009,肆元,肆元,4,元,兹付上国币肆拾元，到时检收，内抹肆元，与细婶家用。,0,body_clean
CSQP-SFHC-TEXT-072,CSQP-SFHC-TEXT-072-AMT-001,法币叁拾元,叁拾元,30,国币,批款：法币叁拾元,1,body_clean
CSQP-SFHC-TEXT-072,CSQP-SFHC-TEXT-072-AMT-002,法币三十元,三十元,30,国币,兹便付去法币三十元，至照检收，以充家计之资，便中覆函，慰晓乃要。,0,body_clean
CSQP-SFHC-TEXT-073,CSQP-SFHC-TEXT-073-AMT-001,国币拾伍元,拾伍元,15,国币,批款：国币拾伍元,1,body_clean
CSQP-SFHC-TEXT-073,CSQP-SFHC-TEXT-073-AMT-002,大良（银）拾伍元,拾伍元,15,银元,今乘轮之便，寄去大良（银）拾伍元，到时检阅，内抹出半元交三老祖婶，半元交亚柴老婶，又抹出一元交横陇婶收用，余存之良（银），该家中应用可也。,0,body_clean
CSQP-SFHC-TEXT-073,CSQP-SFHC-TEXT-073-AMT-003,一元,一元,1,元,今乘轮之便，寄去大良（银）拾伍元，到时检阅，内抹出半元交三老祖婶，半元交亚柴老婶，又抹出一元交横陇婶收用，余存之良（银），该家中应用可也。,0,body_clean
CSQP-SFHC-TEXT-074,CSQP-SFHC-TEXT-074-AMT-001,中央币拾元,拾元,10,国币,批款：中央币拾元,1,body_clean
CSQP-SFHC-TEXT-074,CSQP-SFHC-TEXT-074-AMT-002,中央币拾元,拾元,10,国币,兹寄去中央币拾元，至时查对。,0,body_clean
CSQP-SFHC-TEXT-074,CSQP-SFHC-TEXT-074-AMT-003,弍元,弍元,2,元,内抹出弍元，奉给姆母收为随身茶需，弍元正母，余后祈作家需，此为奉达，厚望各以笑纳，余无他禀。,0,body_clean
CSQP-SFHC-TEXT-075,CSQP-SFHC-TEXT-075-AMT-001,四十元,四十元,40,元,所询愚现职位，自七月接手理账至二月前，兼外山学收批，职虽不小，而月薪不过四十元而已，且系此月始升者。,1,body_clean
CSQP-SFHC-TEXT-075,CSQP-SFHC-TEXT-075-AMT-002,肆元,肆元,4,元,上月初四日，愚曾寄一信并肆元往尔家，至此月初四日接来回信，内中并无云何话。,0,body_clean
CSQP-SFHC-TEXT-075,CSQP-SFHC-TEXT-075-AMT-003,拾元,拾元,10,元,愚打算至十六日再寄一信，并拾元以为尔祖母腰金之用，事未作而先言，这不过尔我相话而已，不可为他人道也，方免贻笑。,0,body_clean
CSQP-SFHC-TEXT-076,CSQP-SFHC-TEXT-076-AMT-001,国币式佰元,式佰元,200,国币,兹逢航便，奉上中国币式佰元，到时查收。,1,body_clean
CSQP-SFHC-TEXT-076,CSQP-SFHC-TEXT-076-AMT-002,银肆元,肆元,4,银元,内银肆元，为大人作茶仪之用，又抹银肆元，与大嫂助茗品之用，又抹银弍元，与式兄作茶仪之需，其余则留为家用也。,0,body_clean
CSQP-SFHC-TEXT-076,CSQP-SFHC-TEXT-076-AMT-003,银弍元,弍元,2,银元,内银肆元，为大人作茶仪之用，又抹银肆元，与大嫂助茗品之用，又抹银弍元，与式兄作茶仪之需，其余则留为家用也。,0,body_clean
CSQP-SFHC-TEXT-077,CSQP-SFHC-TEXT-077-AMT-001,中央国币伍拾元,伍拾元,50,国币,是日承接来信一封，并寄来中央国币伍拾元，又汇票一张国币叁佰元，经已收到，照信分发。,1,body_clean
CSQP-SFHC-TEXT-077,CSQP-SFHC-TEXT-077-AMT-002,国币叁佰元,叁佰元,300,国币,是日承接来信一封，并寄来中央国币伍拾元，又汇票一张国币叁佰元，经已收到，照信分发。,0,body_clean
CSQP-SFHC-TEXT-078,CSQP-SFHC-TEXT-078-AMT-001,中央币拾元,拾元,10,国币,批款：中央币拾元,1,body_clean
CSQP-SFHC-TEXT-078,CSQP-SFHC-TEXT-078-AMT-002,中央币拾元,拾元,10,国币,敬禀者，兹付信局，奉上中央币拾元，到时查收，以助家用。,0,body_clean
CSQP-SFHC-TEXT-079,CSQP-SFHC-TEXT-079-AMT-001,国币壹佰元,壹佰元,100,国币,批款：国币壹佰元,1,body_clean
CSQP-SFHC-TEXT-079,CSQP-SFHC-TEXT-079-AMT-002,国币壹佰元,壹佰元,100,国币,兹寄去国币壹佰元查收，中抹出银式元学诗叔收用，亚各父子，须欲拿多少分他。,0,body_clean
CSQP-SFHC-TEXT-079,CSQP-SFHC-TEXT-079-AMT-003,银式元,式元,2,银元,兹寄去国币壹佰元查收，中抹出银式元学诗叔收用，亚各父子，须欲拿多少分他。,0,body_clean
CSQP-SFHC-TEXT-080,CSQP-SFHC-TEXT-080-AMT-001,国币拾伍元,拾伍元,15,国币,批款：国币拾伍元,1,body_clean
CSQP-SFHC-TEXT-080,CSQP-SFHC-TEXT-080-AMT-002,国币拾伍元,拾伍元,15,国币,今因轮之便，奉上国币拾伍元，至祈查收。,0,body_clean
CSQP-SFHC-TEXT-081,CSQP-SFHC-TEXT-081-AMT-001,中央币五十元,五十元,50,国币,敬禀者，兹付信局奉上中央币五十元，到时查收，以应家用可也。,1,body_clean
CSQP-SFHC-TEXT-082,CSQP-SFHC-TEXT-082-AMT-001,国币叁佰元,叁佰元,300,国币,批款：国币叁佰元,1,body_clean
CSQP-SFHC-TEXT-082,CSQP-SFHC-TEXT-082-AMT-002,国币叁佰元,叁佰元,300,国币,敬启者，今再寄呈一信，外并国币叁佰元正，至时查收，祈代交还吾岳亲收。,0,body_clean
CSQP-SFHC-TEXT-083,CSQP-SFHC-TEXT-083-AMT-001,国币陆拾元,陆拾元,60,国币,批款：国币陆拾元,1,body_clean
CSQP-SFHC-TEXT-083,CSQP-SFHC-TEXT-083-AMT-002,中央币陆拾元,陆拾元,60,国币,敬禀者，兹缘是月中浣，承邮局透【往】汕之便，寄上中央币陆拾元，至祈查收。,0,body_clean
CSQP-SFHC-TEXT-083,CSQP-SFHC-TEXT-083-AMT-003,肆元,肆元,4,元,其中分肆元外祖母收，肆元细叔父，贰元两位大人，余存伍拾元以家中之用。,0,body_clean
CSQP-SFHC-TEXT-083,CSQP-SFHC-TEXT-083-AMT-004,贰元,贰元,2,元,其中分肆元外祖母收，肆元细叔父，贰元两位大人，余存伍拾元以家中之用。,0,body_clean
CSQP-SFHC-TEXT-083,CSQP-SFHC-TEXT-083-AMT-005,伍拾元,伍拾元,50,元,其中分肆元外祖母收，肆元细叔父，贰元两位大人，余存伍拾元以家中之用。,0,body_clean
CSQP-SFHC-TEXT-084,CSQP-SFHC-TEXT-084-AMT-001,国币肆拾元,肆拾元,40,国币,今因轮之便，奉上国币肆拾元，至祈检阅。,1,body_clean
CSQP-SFHC-TEXT-084,CSQP-SFHC-TEXT-084-AMT-002,三元,三元,3,元,内抹出三元，交三老祖妣收用，二元交亚柴老妣收用，二元交荣裕老叔收用，一元交炳坤兄收用，一元交绍泉妈收用，三元交诸弟妹，以作腰金之用，肆元交横陇村姨母收用，内并挟（夹）一纸，望祈呈送是幸。,0,body_clean
CSQP-SFHC-TEXT-084,CSQP-SFHC-TEXT-084-AMT-003,二元,二元,2,元,内抹出三元，交三老祖妣收用，二元交亚柴老妣收用，二元交荣裕老叔收用，一元交炳坤兄收用，一元交绍泉妈收用，三元交诸弟妹，以作腰金之用，肆元交横陇村姨母收用，内并挟（夹）一纸，望祈呈送是幸。,0,body_clean
CSQP-SFHC-TEXT-084,CSQP-SFHC-TEXT-084-AMT-004,一元,一元,1,元,内抹出三元，交三老祖妣收用，二元交亚柴老妣收用，二元交荣裕老叔收用，一元交炳坤兄收用，一元交绍泉妈收用，三元交诸弟妹，以作腰金之用，肆元交横陇村姨母收用，内并挟（夹）一纸，望祈呈送是幸。,0,body_clean
CSQP-SFHC-TEXT-084,CSQP-SFHC-TEXT-084-AMT-005,肆元,肆元,4,元,内抹出三元，交三老祖妣收用，二元交亚柴老妣收用，二元交荣裕老叔收用，一元交炳坤兄收用，一元交绍泉妈收用，三元交诸弟妹，以作腰金之用，肆元交横陇村姨母收用，内并挟（夹）一纸，望祈呈送是幸。,0,body_clean
CSQP-SFHC-TEXT-085,CSQP-SFHC-TEXT-085-AMT-001,国币伍拾元,伍拾元,50,国币,批款：国币伍拾元,1,body_clean
CSQP-SFHC-TEXT-086,CSQP-SFHC-TEXT-086-AMT-001,国币壹佰元,壹佰元,100,国币,批款：国币壹佰元,1,body_clean
CSQP-SFHC-TEXT-086,CSQP-SFHC-TEXT-086-AMT-002,中央币壹佰元,壹佰元,100,国币,兹承邮局透汕之便，寄上中央币壹佰元，至祈查收。,0,body_clean
CSQP-SFHC-TEXT-086,CSQP-SFHC-TEXT-086-AMT-003,拾元,拾元,10,元,其中分拾元吾慈亲收，伍元外祖母，伍元细叔父，肆元两大人收，肆元两大二伯母，贰元丰得伯收，余柒拾元以应家需。,0,body_clean
CSQP-SFHC-TEXT-086,CSQP-SFHC-TEXT-086-AMT-004,伍元,伍元,5,元,其中分拾元吾慈亲收，伍元外祖母，伍元细叔父，肆元两大人收，肆元两大二伯母，贰元丰得伯收，余柒拾元以应家需。,0,body_clean
CSQP-SFHC-TEXT-086,CSQP-SFHC-TEXT-086-AMT-005,肆元,肆元,4,元,其中分拾元吾慈亲收，伍元外祖母，伍元细叔父，肆元两大人收，肆元两大二伯母，贰元丰得伯收，余柒拾元以应家需。,0,body_clean
CSQP-SFHC-TEXT-086,CSQP-SFHC-TEXT-086-AMT-006,贰元,贰元,2,元,其中分拾元吾慈亲收，伍元外祖母，伍元细叔父，肆元两大人收，肆元两大二伯母，贰元丰得伯收，余柒拾元以应家需。,0,body_clean
CSQP-SFHC-TEXT-086,CSQP-SFHC-TEXT-086-AMT-007,柒拾元,柒拾元,70,元,其中分拾元吾慈亲收，伍元外祖母，伍元细叔父，肆元两大人收，肆元两大二伯母，贰元丰得伯收，余柒拾元以应家需。,0,body_clean
CSQP-SFHC-TEXT-087,CSQP-SFHC-TEXT-087-AMT-001,壹拾元,壹拾元,10,元,批款：国票壹拾元,1,body_clean
CSQP-SFHC-TEXT-087,CSQP-SFHC-TEXT-087-AMT-002,壹拾元,壹拾元,10,元,兹逢顺轮之期，付去国票壹拾元正，祈为笑纳是荷。,0,body_clean
CSQP-SFHC-TEXT-088,CSQP-SFHC-TEXT-088-AMT-001,国币拾元,拾元,10,国币,批款：国币拾元,1,body_clean
CSQP-SFHC-TEXT-088,CSQP-SFHC-TEXT-088-AMT-002,国币拾元,拾元,10,国币,兹因逢轮回塘（唐）羽便，付去国币拾元，到时查收，家情应用。,0,body_clean
CSQP-SFHC-TEXT-089,CSQP-SFHC-TEXT-089-AMT-001,国币贰拾元,贰拾元,20,国币,现逢批期之便，奉上国币贰拾元，至祈检阅。,1,body_clean
CSQP-SFHC-TEXT-089,CSQP-SFHC-TEXT-089-AMT-002,二元,二元,2,元,内抹出二元，交三老祖妣收用，余存之良（银），该家中应用可也。,0,body_clean
CSQP-SFHC-TEXT-090,CSQP-SFHC-TEXT-090-AMT-001,国币肆拾元,肆拾元,40,国币,批款：国币肆拾元,1,body_clean
CSQP-SFHC-TEXT-090,CSQP-SFHC-TEXT-090-AMT-002,国币肆拾元,肆拾元,40,国币,今逢批期之便，奉上国币肆拾元，至祈查收。,0,body_clean
CSQP-SFHC-TEXT-090,CSQP-SFHC-TEXT-090-AMT-003,一元,一元,1,元,内抹出一元，交三老祖妣收用，一元交家弟老妣收用，余存之良（银），该家中应用可也。,0,body_clean
CSQP-SFHC-TEXT-091,CSQP-SFHC-TEXT-091-AMT-001,国币贰佰伍拾元,贰佰伍拾元,250,国币,批款：国币贰佰伍拾元,1,body_clean
CSQP-SFHC-TEXT-091,CSQP-SFHC-TEXT-091-AMT-002,中央国币贰佰伍拾元,贰佰伍拾元,250,国币,敬禀者，兹由邮局之便，寄上中央国币贰佰伍拾元，至祈查收。,0,body_clean
CSQP-SFHC-TEXT-091,CSQP-SFHC-TEXT-091-AMT-003,拾元,拾元,10,元,其中分拾元细叔父，捌元外祖母，肆元两位大人之用，陆元大二伯母之用，二十二元吾母亲之用，余存二百元以应家需。,0,body_clean
CSQP-SFHC-TEXT-091,CSQP-SFHC-TEXT-091-AMT-004,捌元,捌元,8,元,其中分拾元细叔父，捌元外祖母，肆元两位大人之用，陆元大二伯母之用，二十二元吾母亲之用，余存二百元以应家需。,0,body_clean
CSQP-SFHC-TEXT-091,CSQP-SFHC-TEXT-091-AMT-005,肆元,肆元,4,元,其中分拾元细叔父，捌元外祖母，肆元两位大人之用，陆元大二伯母之用，二十二元吾母亲之用，余存二百元以应家需。,0,body_clean
CSQP-SFHC-TEXT-091,CSQP-SFHC-TEXT-091-AMT-006,陆元,陆元,6,元,其中分拾元细叔父，捌元外祖母，肆元两位大人之用，陆元大二伯母之用，二十二元吾母亲之用，余存二百元以应家需。,0,body_clean
CSQP-SFHC-TEXT-091,CSQP-SFHC-TEXT-091-AMT-007,二十二元,二十二元,22,元,其中分拾元细叔父，捌元外祖母，肆元两位大人之用，陆元大二伯母之用，二十二元吾母亲之用，余存二百元以应家需。,0,body_clean
CSQP-SFHC-TEXT-091,CSQP-SFHC-TEXT-091-AMT-008,二百元,二百元,200,元,其中分拾元细叔父，捌元外祖母，肆元两位大人之用，陆元大二伯母之用，二十二元吾母亲之用，余存二百元以应家需。,0,body_clean
CSQP-SFHC-TEXT-091,CSQP-SFHC-TEXT-091-AMT-009,六佰万元,六佰万元,6000000,元,但自前六月初及至六月尾，曾寄有信批局二信六佰万元，谅定有收到。,0,body_clean
CSQP-SFHC-TEXT-092,CSQP-SFHC-TEXT-092-AMT-001,国币壹佰元,壹佰元,100,国币,兹者，是日承越轮便，付去国币壹佰元，到时查收，以为家情之费。,1,body_clean
CSQP-SFHC-TEXT-093,CSQP-SFHC-TEXT-093-AMT-001,国币六十元,六十元,60,国币,敬禀者，兹逢批期之便，奉上国币六十元，至时检收。,1,body_clean
CSQP-SFHC-TEXT-093,CSQP-SFHC-TEXT-093-AMT-002,三元,三元,3,元,内中可抹出三元，呈与母亲，三元与嫂侄，二元与舜莲，二元与猴老妣，余为家庭之需可也。,0,body_clean
CSQP-SFHC-TEXT-093,CSQP-SFHC-TEXT-093-AMT-003,二元,二元,2,元,内中可抹出三元，呈与母亲，三元与嫂侄，二元与舜莲，二元与猴老妣，余为家庭之需可也。,0,body_clean
CSQP-SFHC-TEXT-094,CSQP-SFHC-TEXT-094-AMT-001,国币贰佰元,贰佰元,200,国币,敬禀者，兹奉上国币贰佰元，至祈查收，以为家用。,1,body_clean
CSQP-SFHC-TEXT-095,CSQP-SFHC-TEXT-095-AMT-001,法币两元,两元,2,国币,兹缘令弟前天，来予店中坐谈，托将法币两元递交，今逢轮便，特由余家庭转交到，希检收，以免久盼为幸。,1,body_clean
CSQP-SFHC-TEXT-096,CSQP-SFHC-TEXT-096-AMT-001,中央币肆元,肆元,4,国币,敬禀者，兹奉上中央币肆元，到祈晒纳。,1,body_clean
CSQP-SFHC-TEXT-097,CSQP-SFHC-TEXT-097-AMT-001,银贰拾元,贰拾元,20,银元,批款：中央银贰拾元,1,body_clean
CSQP-SFHC-TEXT-097,CSQP-SFHC-TEXT-097-AMT-002,大洋银贰拾元,贰拾元,20,大洋,兹适返汕之便，付去大洋银贰拾元，抵时查收，家中应用。,0,body_clean
CSQP-SFHC-TEXT-100,CSQP-SFHC-TEXT-100-AMT-001,国币壹仟元,壹仟元,1000,国币,批款：国币壹仟元,1,body_clean
CSQP-SFHC-TEXT-100,CSQP-SFHC-TEXT-100-AMT-002,国币壹仟元,壹仟元,1000,国币,敬禀者，刻寄去国币壹仟元正，至时查收是幸。,0,body_clean
CSQP-SFHC-TEXT-101,CSQP-SFHC-TEXT-101-AMT-001,国币（币）三仟元,三仟元,3000,国币,兹付去国币（币）三仟元，至祈查收。,1,body_clean
CSQP-SFHC-TEXT-101,CSQP-SFHC-TEXT-101-AMT-002,五佰元,五佰元,500,元,内抹五佰元，送交老婶，余为吾姊之用。,0,body_clean
CSQP-SFHC-TEXT-102,CSQP-SFHC-TEXT-102-AMT-001,国币壹万元,壹万元,10000,国币,批款：国币壹万元,1,body_clean
CSQP-SFHC-TEXT-102,CSQP-SFHC-TEXT-102-AMT-002,国币十万元,十万元,100000,国币,兹付去国币十万元，查收应用，对家情□□任意，有利人手，自当寄厚。,0,body_clean
CSQP-SFHC-TEXT-102,CSQP-SFHC-TEXT-102-AMT-003,币三百元,三百元,300,元,来助事，看后日船租会宜价纱纱【些些】，方可打算，况来助船租【费】，每名叻币三百元，祈知之。,0,body_clean
CSQP-SFHC-TEXT-103,CSQP-SFHC-TEXT-103-AMT-001,国币肆万元,肆万元,40000,国币,批款：国币肆万元,1,body_clean
CSQP-SFHC-TEXT-103,CSQP-SFHC-TEXT-103-AMT-002,叁万元,叁万元,30000,元,信中云及汇邮局叁万元之事，彼时为因新加坡政府，禁止华侨寄银回梓养亲，幸有信局暗汇，故在二月初四日，托亲戚代儿汇上叁万元，因亲戚代儿先汇到五万元，不知多汇二万元，该项儿恐不知收到与否？,0,body_clean
CSQP-SFHC-TEXT-103,CSQP-SFHC-TEXT-103-AMT-003,五万元,五万元,50000,元,信中云及汇邮局叁万元之事，彼时为因新加坡政府，禁止华侨寄银回梓养亲，幸有信局暗汇，故在二月初四日，托亲戚代儿汇上叁万元，因亲戚代儿先汇到五万元，不知多汇二万元，该项儿恐不知收到与否？,0,body_clean
CSQP-SFHC-TEXT-103,CSQP-SFHC-TEXT-103-AMT-004,二万元,二万元,20000,元,信中云及汇邮局叁万元之事，彼时为因新加坡政府，禁止华侨寄银回梓养亲，幸有信局暗汇，故在二月初四日，托亲戚代儿汇上叁万元，因亲戚代儿先汇到五万元，不知多汇二万元，该项儿恐不知收到与否？,0,body_clean
CSQP-SFHC-TEXT-103,CSQP-SFHC-TEXT-103-AMT-005,二万元,二万元,20000,元,同时并寄上邮信上陈，谁知该信寄后，始悉其多寄多二万元。,0,body_clean
CSQP-SFHC-TEXT-103,CSQP-SFHC-TEXT-103-AMT-006,四十五元,四十五元,45,元,及后幸有祖国领事到叻要求，才准开放限制，每月所寄，最多不能超过四十五元叻币，至今依然。,0,body_clean
CSQP-SFHC-TEXT-103,CSQP-SFHC-TEXT-103-AMT-007,国币肆万元,肆万元,40000,国币,兹承信局之便，寄上国币肆万元，至祈检收。,0,body_clean
CSQP-SFHC-TEXT-103,CSQP-SFHC-TEXT-103-AMT-008,五千元,五千元,5000,元,其中分五千元，细叔公之需，余存三万五千元，以应家用。,0,body_clean
CSQP-SFHC-TEXT-103,CSQP-SFHC-TEXT-103-AMT-009,三万五千元,三万五千元,35000,元,其中分五千元，细叔公之需，余存三万五千元，以应家用。,0,body_clean
CSQP-SFHC-TEXT-104,CSQP-SFHC-TEXT-104-AMT-001,国币伍万元,伍万元,50000,国币,批款：国币伍万元,1,body_clean
CSQP-SFHC-TEXT-104,CSQP-SFHC-TEXT-104-AMT-002,大银五万元,五万元,50000,银元,刻逢便寄去大银五万元正，至时领收是荷，以作家情之需也。,0,body_clean
CSQP-SFHC-TEXT-105,CSQP-SFHC-TEXT-105-AMT-001,国币柒万元,柒万元,70000,国币,批款：国币柒万元,1,body_clean
CSQP-SFHC-TEXT-105,CSQP-SFHC-TEXT-105-AMT-002,十元,十元,10,元,儿现是任事，每月薪金不过数十元，刻下叻地，百物亦是太昂，生活稍过。,0,body_clean
CSQP-SFHC-TEXT-105,CSQP-SFHC-TEXT-105-AMT-003,国币七万元,七万元,70000,国币,而兹承信局之便，寄上国币七万元，到祈查收。,0,body_clean
CSQP-SFHC-TEXT-105,CSQP-SFHC-TEXT-105-AMT-004,壹万五千元,壹万五千元,15000,元,其中分壹万五千元，细叔父之用，余五万五千元以应家需。,0,body_clean
CSQP-SFHC-TEXT-105,CSQP-SFHC-TEXT-105-AMT-005,五万五千元,五万五千元,55000,元,其中分壹万五千元，细叔父之用，余五万五千元以应家需。,0,body_clean
CSQP-SFHC-TEXT-106,CSQP-SFHC-TEXT-106-AMT-001,伍仟元,伍仟元,5000,元,但氏前日所寄之款，伍仟元究竟何人接收，因何信中并无提及，家情如何殊为怀疑。,0,body_clean
CSQP-SFHC-TEXT-106,CSQP-SFHC-TEXT-106-AMT-002,国币壹万元,壹万元,10000,国币,兹附信局，寄国币壹万元，至祈查收。,1,body_clean
CSQP-SFHC-TEXT-107,CSQP-SFHC-TEXT-107-AMT-001,国币拾万元,拾万元,100000,国币,批款：国币拾万元,1,body_clean
CSQP-SFHC-TEXT-107,CSQP-SFHC-TEXT-107-AMT-002,国币拾万元,拾万元,100000,国币,敬启者，寄去国币拾万元，查收应用，不要挂念。,0,body_clean
CSQP-SFHC-TEXT-108,CSQP-SFHC-TEXT-108-AMT-001,国币伍万元,伍万元,50000,国币,批款：国币伍万元,1,body_clean
CSQP-SFHC-TEXT-108,CSQP-SFHC-TEXT-108-AMT-002,百元,百元,100,元,现今精神未足，身体十分瘦弱，是次病费，已是费去成百元，然遇此时期，贫病交迫，惨何可言。,0,body_clean
CSQP-SFHC-TEXT-108,CSQP-SFHC-TEXT-108-AMT-003,国币伍万元,伍万元,50000,国币,今逢顺便，寄去国币伍万元，至时查收，添作家用。,0,body_clean
CSQP-SFHC-TEXT-109,CSQP-SFHC-TEXT-109-AMT-001,国币一百五十万元,一百五十万元,1500000,国币,惟前欲赴暹之时，一切船票旅费，已与客头速来理楚，及船到暹，将欲作入口字之际，客头乃则反言，欲增收暹良（银）一百二十五拨（约国币一百五十万元），彼时因临急之关，不得已写签约字，得以一月归还，而并批该纸，作为废纸等情。,0,body_clean
CSQP-SFHC-TEXT-109,CSQP-SFHC-TEXT-109-AMT-002,国币贰拾万元,贰拾万元,200000,国币,现寄上国币贰拾万元，到时查收，作以家情之需。,1,body_clean
CSQP-SFHC-TEXT-110,CSQP-SFHC-TEXT-110-AMT-001,国币贰拾万元,贰拾万元,200000,国币,批款：国币贰拾万元,1,body_clean
CSQP-SFHC-TEXT-110,CSQP-SFHC-TEXT-110-AMT-002,国币贰拾万元,贰拾万元,200000,国币,来函已悉，现由信局付去一函，外并国币贰拾万元收查。,0,body_clean
CSQP-SFHC-TEXT-110,CSQP-SFHC-TEXT-110-AMT-003,五万元,五万元,50000,元,内抹出五万元，与侄妇母子作布料等物之需。,0,body_clean
CSQP-SFHC-TEXT-111,CSQP-SFHC-TEXT-111-AMT-001,国币伍万元,伍万元,50000,国币,批款：国币伍万元,1,body_clean
CSQP-SFHC-TEXT-111,CSQP-SFHC-TEXT-111-AMT-002,国币伍万元,伍万元,50000,国币,兹外付上国币伍万元，至祈查收，复音来知。,0,body_clean
CSQP-SFHC-TEXT-112,CSQP-SFHC-TEXT-112-AMT-001,国币叁拾万元,叁拾万元,300000,国币,外付国币叁拾万元，到时查收，内抹拾万元，送交陈眉母姨收后，并代问候是幸。,1,body_clean
CSQP-SFHC-TEXT-112,CSQP-SFHC-TEXT-112-AMT-002,拾万元,拾万元,100000,元,外付国币叁拾万元，到时查收，内抹拾万元，送交陈眉母姨收后，并代问候是幸。,0,body_clean
CSQP-SFHC-TEXT-113,CSQP-SFHC-TEXT-113-AMT-001,国币捌元,捌元,8,国币,是天接到吉信，并国币捌元，经已查收，勿介。,1,body_clean
CSQP-SFHC-TEXT-114,CSQP-SFHC-TEXT-114-AMT-001,国币陆拾万元,陆拾万元,600000,国币,批款：国币陆拾万元,1,body_clean
CSQP-SFHC-TEXT-114,CSQP-SFHC-TEXT-114-AMT-002,十五万元,十五万元,150000,元,计淑来十五万元，卓盾三万元，但对此两人之欠款，均有写还揭单，倘欲付款交还，须向彼取回揭单，以了解一切手续。,0,body_clean
CSQP-SFHC-TEXT-114,CSQP-SFHC-TEXT-114-AMT-003,三万元,三万元,30000,元,计淑来十五万元，卓盾三万元，但对此两人之欠款，均有写还揭单，倘欲付款交还，须向彼取回揭单，以了解一切手续。,0,body_clean
CSQP-SFHC-TEXT-114,CSQP-SFHC-TEXT-114-AMT-004,国币陆拾万元,陆拾万元,600000,国币,刻付去国币陆拾万元，到时查收。,0,body_clean
CSQP-SFHC-TEXT-114,CSQP-SFHC-TEXT-114-AMT-005,十五万元,十五万元,150000,元,计抹出十五万元，交还淑来，又三万元交还卓盾，又抹一万元，另并书一片送交炜兴兄，并望覆音。,0,body_clean
CSQP-SFHC-TEXT-114,CSQP-SFHC-TEXT-114-AMT-006,三万元,三万元,30000,元,计抹出十五万元，交还淑来，又三万元交还卓盾，又抹一万元，另并书一片送交炜兴兄，并望覆音。,0,body_clean
CSQP-SFHC-TEXT-114,CSQP-SFHC-TEXT-114-AMT-007,一万元,一万元,10000,元,计抹出十五万元，交还淑来，又三万元交还卓盾，又抹一万元，另并书一片送交炜兴兄，并望覆音。,0,body_clean
CSQP-SFHC-TEXT-114,CSQP-SFHC-TEXT-114-AMT-008,十万元,十万元,100000,元,所存之项除作家情之外，可再抹开十万元，作为购一领新被棉之需，约重八九斤之度，惟须购买新棉，切勿购买旧被，是否覆音，至切至切！,0,body_clean
CSQP-SFHC-TEXT-115,CSQP-SFHC-TEXT-115-AMT-001,国币贰万元,贰万元,20000,国币,批款：国币贰万元,1,body_clean
CSQP-SFHC-TEXT-116,CSQP-SFHC-TEXT-116-AMT-001,国币叁拾万元,叁拾万元,300000,国币,兹随函附国币叁拾万元正，祈查收，示复乃荷。,1,body_clean
CSQP-SFHC-TEXT-117,CSQP-SFHC-TEXT-117-AMT-001,一千元,一千元,1000,元,现刻下尚欠人千余元，如将各物尽卖，收不到一千元，然尚不足偿（偿）还，而一家数人路费无着，故不能如愿回塘（唐）也。,0,body_clean
CSQP-SFHC-TEXT-117,CSQP-SFHC-TEXT-117-AMT-002,国币伍拾万元,伍拾万元,500000,国币,现付（附）上国币伍拾万元，以助家用，余容后禀。,1,body_clean
CSQP-SFHC-TEXT-118,CSQP-SFHC-TEXT-118-AMT-001,国币肆佰万元,肆佰万元,4000000,国币,刻寄去国币肆佰万元，到时查收。,1,body_clean
CSQP-SFHC-TEXT-118,CSQP-SFHC-TEXT-118-AMT-002,拾万元,拾万元,100000,元,①拾万元为慈亲大人寿仪，,0,body_clean
CSQP-SFHC-TEXT-118,CSQP-SFHC-TEXT-118-AMT-003,拾万元,拾万元,100000,元,②慈亲大人拾万元，,0,body_clean
CSQP-SFHC-TEXT-118,CSQP-SFHC-TEXT-118-AMT-004,拾万元,拾万元,100000,元,③大兄拾万元，,0,body_clean
CSQP-SFHC-TEXT-118,CSQP-SFHC-TEXT-118-AMT-005,拾万元,拾万元,100000,元,④若深、若兰二侄孙共拾万元，,0,body_clean
CSQP-SFHC-TEXT-118,CSQP-SFHC-TEXT-118-AMT-006,拾万元,拾万元,100000,元,⑤三嫂拾万元，,0,body_clean
CSQP-SFHC-TEXT-118,CSQP-SFHC-TEXT-118-AMT-007,拾万元,拾万元,100000,元,⑥茂昌侄拾万元，,0,body_clean
CSQP-SFHC-TEXT-118,CSQP-SFHC-TEXT-118-AMT-008,拾万元,拾万元,100000,元,⑦敬品表弟拾万元，,0,body_clean
CSQP-SFHC-TEXT-118,CSQP-SFHC-TEXT-118-AMT-009,拾万元,拾万元,100000,元,⑧大母姨拾万元,0,body_clean
CSQP-SFHC-TEXT-118,CSQP-SFHC-TEXT-118-AMT-010,拾万元,拾万元,100000,元,⑨东凤文香妹夫拾万元，,0,body_clean
CSQP-SFHC-TEXT-118,CSQP-SFHC-TEXT-118-AMT-011,伍万元,伍万元,50000,元,⑩隆丰弟伍万元，,0,body_clean
CSQP-SFHC-TEXT-118,CSQP-SFHC-TEXT-118-AMT-012,伍万元,伍万元,50000,元,⑪隆富弟伍万元，合共壹佰万元。,0,body_clean
CSQP-SFHC-TEXT-118,CSQP-SFHC-TEXT-118-AMT-013,壹佰万元,壹佰万元,1000000,元,⑪隆富弟伍万元，合共壹佰万元。,0,body_clean
CSQP-SFHC-TEXT-119,CSQP-SFHC-TEXT-119-AMT-001,国币拾万元,拾万元,100000,国币,今随轮返唐之便，附上国币拾万元正，以作腰金之需，专此致达。,1,body_clean
CSQP-SFHC-TEXT-120,CSQP-SFHC-TEXT-120-AMT-001,叁佰万元,叁佰万元,3000000,元,批款：国票叁佰万元,1,body_clean
CSQP-SFHC-TEXT-120,CSQP-SFHC-TEXT-120-AMT-002,叁佰万元,叁佰万元,3000000,元,兹付国票叁佰万元，抹四十万元逢昌、楞深二人收。,0,body_clean
CSQP-SFHC-TEXT-120,CSQP-SFHC-TEXT-120-AMT-003,四十万元,四十万元,400000,元,兹付国票叁佰万元，抹四十万元逢昌、楞深二人收。,0,body_clean
CSQP-SFHC-TEXT-121,CSQP-SFHC-TEXT-121-AMT-001,国币壹佰万元,壹佰万元,1000000,国币,寄去国币壹佰万元，查收应用，请免挂念。,1,body_clean
CSQP-SFHC-TEXT-122,CSQP-SFHC-TEXT-122-AMT-001,国币四佰万元,四佰万元,4000000,国币,兹逢便，寄去国币四佰万元正，至查收，以作家中之需也。,1,body_clean
CSQP-SFHC-TEXT-123,CSQP-SFHC-TEXT-123-AMT-001,国币壹仟万元,壹仟万元,10000000,国币,批款：国币壹仟万元,1,body_clean
CSQP-SFHC-TEXT-123,CSQP-SFHC-TEXT-123-AMT-002,国币壹仟万元,壹仟万元,10000000,国币,刻寄国币壹仟万元正，至时查收，内抹壹拾万元，交桃红之用，余应家庭之需也。,0,body_clean
CSQP-SFHC-TEXT-123,CSQP-SFHC-TEXT-123-AMT-003,壹拾万元,壹拾万元,100000,元,刻寄国币壹仟万元正，至时查收，内抹壹拾万元，交桃红之用，余应家庭之需也。,0,body_clean
CSQP-SFHC-TEXT-124,CSQP-SFHC-TEXT-124-AMT-001,国币贰仟叁佰万元,贰仟叁佰万元,23000000,国币,惟此次船租费用，一切共约国币贰仟叁佰万元之度，倘有被其多取时，至切向其清算为要。,0,body_clean
CSQP-SFHC-TEXT-124,CSQP-SFHC-TEXT-124-AMT-002,国币壹仟万元,壹仟万元,10000000,国币,兹随函附呈国币壹仟万元正，至祈检收，妥后乞即挥音，示晓乃祷。,1,body_clean
CSQP-SFHC-TEXT-125,CSQP-SFHC-TEXT-125-AMT-001,国币肆佰万元,肆佰万元,4000000,国币,批款：国币肆佰万元,1,body_clean
CSQP-SFHC-TEXT-126,CSQP-SFHC-TEXT-126-AMT-001,贰佰万元,贰佰万元,2000000,元,兹寄去贰佰万元，到时查收。,1,body_clean
CSQP-SFHC-TEXT-126,CSQP-SFHC-TEXT-126-AMT-002,四拾万元,四拾万元,400000,元,抹四拾万元，交媳妇收用，抹贰拾万元，交鳌头亚姑收用，抹拾万元，交三姆收用，余者为尔收启（起）。,0,body_clean
CSQP-SFHC-TEXT-126,CSQP-SFHC-TEXT-126-AMT-003,贰拾万元,贰拾万元,200000,元,抹四拾万元，交媳妇收用，抹贰拾万元，交鳌头亚姑收用，抹拾万元，交三姆收用，余者为尔收启（起）。,0,body_clean
CSQP-SFHC-TEXT-126,CSQP-SFHC-TEXT-126-AMT-004,拾万元,拾万元,100000,元,抹四拾万元，交媳妇收用，抹贰拾万元，交鳌头亚姑收用，抹拾万元，交三姆收用，余者为尔收启（起）。,0,body_clean
CSQP-SFHC-TEXT-127,CSQP-SFHC-TEXT-127-AMT-001,国币壹仟万元,壹仟万元,10000000,国币,批款：国币壹仟万元,1,body_clean
CSQP-SFHC-TEXT-127,CSQP-SFHC-TEXT-127-AMT-002,国币壹仟万元,壹仟万元,10000000,国币,敬启者，兹承汇便，付上国币壹仟万元，至时查收。,0,body_clean
CSQP-SFHC-TEXT-127,CSQP-SFHC-TEXT-127-AMT-003,四十万元,四十万元,400000,元,就现月起每封家批，须欲送他每人四十万元，祈知。,0,body_clean
CSQP-SFHC-TEXT-128,CSQP-SFHC-TEXT-128-AMT-001,国币肆拾万元,肆拾万元,400000,国币,批款：国币肆拾万元,1,body_clean
CSQP-SFHC-TEXT-128,CSQP-SFHC-TEXT-128-AMT-002,国币肆拾万元,肆拾万元,400000,国币,兹逢邮便，谨具寸草，外并国币肆拾万元，至祈查收，藉补家用，余言后禀。,0,body_clean
CSQP-SFHC-TEXT-129,CSQP-SFHC-TEXT-129-AMT-001,国币伍万元,伍万元,50000,国币,批款：国币伍万元,1,body_clean
CSQP-SFHC-TEXT-129,CSQP-SFHC-TEXT-129-AMT-002,国币伍万元,伍万元,50000,国币,兹外附去国币伍万元，至祈查收，复音来知是荷。,0,body_clean
CSQP-SFHC-TEXT-130,CSQP-SFHC-TEXT-130-AMT-001,国币贰万元,贰万元,20000,国币,批款：国币贰万元,1,body_clean
CSQP-SFHC-TEXT-130,CSQP-SFHC-TEXT-130-AMT-002,国币贰万元,贰万元,20000,国币,兹逢归鸿有便，特奉上国币贰万元，以便届时备些礼物，为大人庆寿之用，至时检收是幸。,0,body_clean
CSQP-SFHC-TEXT-130,CSQP-SFHC-TEXT-130-AMT-003,七万元,七万元,70000,元,故上星期曾付去二十万，中抹七万元，分族中七位较苦者，想已收到，照为分发矣。,0,body_clean
CSQP-SFHC-TEXT-131,CSQP-SFHC-TEXT-131-AMT-001,金圆券陆拾元,陆拾元,60,金圆券,批款：金圆券陆拾元,1,body_clean
CSQP-SFHC-TEXT-131,CSQP-SFHC-TEXT-131-AMT-002,金圆券六拾元,六拾元,60,金圆券,外附金圆券六拾元，收到内抹出，送老妈【曾祖母】大人贰元，母妗大人贰元，春祥儿贰元，春其儿贰元，姆母大人壹元，捷添兄壹元，余存伍拾元，以为家务之用耳。,0,body_clean
CSQP-SFHC-TEXT-131,CSQP-SFHC-TEXT-131-AMT-003,贰元,贰元,2,元,外附金圆券六拾元，收到内抹出，送老妈【曾祖母】大人贰元，母妗大人贰元，春祥儿贰元，春其儿贰元，姆母大人壹元，捷添兄壹元，余存伍拾元，以为家务之用耳。,0,body_clean
CSQP-SFHC-TEXT-131,CSQP-SFHC-TEXT-131-AMT-004,壹元,壹元,1,元,外附金圆券六拾元，收到内抹出，送老妈【曾祖母】大人贰元，母妗大人贰元，春祥儿贰元，春其儿贰元，姆母大人壹元，捷添兄壹元，余存伍拾元，以为家务之用耳。,0,body_clean
CSQP-SFHC-TEXT-131,CSQP-SFHC-TEXT-131-AMT-005,伍拾元,伍拾元,50,元,外附金圆券六拾元，收到内抹出，送老妈【曾祖母】大人贰元，母妗大人贰元，春祥儿贰元，春其儿贰元，姆母大人壹元，捷添兄壹元，余存伍拾元，以为家务之用耳。,0,body_clean
CSQP-SFHC-TEXT-132,CSQP-SFHC-TEXT-132-AMT-001,金圆券伍拾元,伍拾元,50,金圆券,批款：金圆券伍拾元,1,body_clean
CSQP-SFHC-TEXT-132,CSQP-SFHC-TEXT-132-AMT-002,金圆券伍拾元,伍拾元,50,金圆券,敬启者，兹承汇便，付上金圆券伍拾元，到时查收。,0,body_clean
CSQP-SFHC-TEXT-132,CSQP-SFHC-TEXT-132-AMT-003,佰元,佰元,100,元,另者，是帮【次】本当寄多些，奈因汇水之关系，每佰元就现时之正市，食亏【吃亏】贰拾余元，祈知之。,0,body_clean
CSQP-SFHC-TEXT-133,CSQP-SFHC-TEXT-133-AMT-001,金圆券伍佰伍拾元,伍佰伍拾元,550,金圆券,批款：金圆券伍佰伍拾元,1,body_clean
CSQP-SFHC-TEXT-133,CSQP-SFHC-TEXT-133-AMT-002,五百五十元,五百五十元,550,元,兹本日付信局去五百五十元，到祈查收。,0,body_clean
CSQP-SFHC-TEXT-133,CSQP-SFHC-TEXT-133-AMT-003,五十元,五十元,50,元,抹五十元交胜良弟收用，存五百元，作家计之需也。,0,body_clean
CSQP-SFHC-TEXT-133,CSQP-SFHC-TEXT-133-AMT-004,五百元,五百元,500,元,抹五十元交胜良弟收用，存五百元，作家计之需也。,0,body_clean
CSQP-SFHC-TEXT-134,CSQP-SFHC-TEXT-134-AMT-001,金圆券捌佰元,捌佰元,800,金圆券,批款：金圆券捌佰元,1,body_clean
CSQP-SFHC-TEXT-135,CSQP-SFHC-TEXT-135-AMT-001,港币壹佰元,壹佰元,100,港币,现值年关以（已）届，付信局带去港币壹佰元，至时查收。,1,body_clean
CSQP-SFHC-TEXT-135,CSQP-SFHC-TEXT-135-AMT-002,港币肆拾元,肆拾元,40,港币,内抹港币肆拾元，并夹去名纸一张，如数分发，余存之款，以助家庭之用。,0,body_clean
CSQP-SFHC-TEXT-136,CSQP-SFHC-TEXT-136-AMT-001,金员（圆）券贰仟贰佰元,贰仟贰佰元,2200,金圆券,批款：金员（圆）券贰仟贰佰元,1,body_clean
CSQP-SFHC-TEXT-137,CSQP-SFHC-TEXT-137-AMT-001,金圆券贰万伍仟元,贰万伍仟元,25000,金圆券,批款：金圆券贰万伍仟元,1,body_clean
CSQP-SFHC-TEXT-137,CSQP-SFHC-TEXT-137-AMT-002,金圆券贰万伍仟元,贰万伍仟元,25000,金圆券,兹逢（逢）轮船之便，付去金圆券贰万伍仟元，到即查收，以应家用。,0,body_clean
CSQP-SFHC-TEXT-137,CSQP-SFHC-TEXT-137-AMT-003,壹仟伍佰元,壹仟伍佰元,1500,元,中抹出壹仟伍佰元与大兄，又壹仟伍佰元与四兄，双亲贰仟。,0,body_clean
CSQP-SFHC-TEXT-138,CSQP-SFHC-TEXT-138-AMT-001,金圆券壹拾万元,壹拾万元,100000,金圆券,兹奉上金圆券壹拾万元，至日查收。,1,body_clean
CSQP-SFHC-TEXT-139,CSQP-SFHC-TEXT-139-AMT-001,港币贰拾元,贰拾元,20,港币,兹时寄上香港币贰拾元，藉作父亲大人百日香锭之费，至祈照收。,1,body_clean
CSQP-SFHC-TEXT-140,CSQP-SFHC-TEXT-140-AMT-001,银壹佰元,壹佰元,100,银元,兹逢轮便，附去银壹佰元，至日照收，然后代抹出伍拾元，交与吾儿炳杰收，又二十元，交与炳锡收，又十元，系友高托寄，交其家内收（此条可向彼取一收条寄来为证），所余二十元，以为侄台自己收起，以作茶果之需。,1,body_clean
CSQP-SFHC-TEXT-140,CSQP-SFHC-TEXT-140-AMT-002,伍拾元,伍拾元,50,元,兹逢轮便，附去银壹佰元，至日照收，然后代抹出伍拾元，交与吾儿炳杰收，又二十元，交与炳锡收，又十元，系友高托寄，交其家内收（此条可向彼取一收条寄来为证），所余二十元，以为侄台自己收起，以作茶果之需。,0,body_clean
CSQP-SFHC-TEXT-140,CSQP-SFHC-TEXT-140-AMT-003,二十元,二十元,20,元,兹逢轮便，附去银壹佰元，至日照收，然后代抹出伍拾元，交与吾儿炳杰收，又二十元，交与炳锡收，又十元，系友高托寄，交其家内收（此条可向彼取一收条寄来为证），所余二十元，以为侄台自己收起，以作茶果之需。,0,body_clean
CSQP-SFHC-TEXT-140,CSQP-SFHC-TEXT-140-AMT-004,十元,十元,10,元,兹逢轮便，附去银壹佰元，至日照收，然后代抹出伍拾元，交与吾儿炳杰收，又二十元，交与炳锡收，又十元，系友高托寄，交其家内收（此条可向彼取一收条寄来为证），所余二十元，以为侄台自己收起，以作茶果之需。,0,body_clean
CSQP-SFHC-TEXT-141,CSQP-SFHC-TEXT-141-AMT-001,港币贰佰元,贰佰元,200,港币,兹逢批期，呈上港币贰佰元，到祈查收。,1,body_clean
CSQP-SFHC-TEXT-141,CSQP-SFHC-TEXT-141-AMT-002,一百五十元,一百五十元,150,元,内计抹出一百五十元，交还岳母借项，又抹出八元，为母亲大人作生日之用，余为家情之需可也。,0,body_clean
CSQP-SFHC-TEXT-141,CSQP-SFHC-TEXT-141-AMT-003,八元,八元,8,元,内计抹出一百五十元，交还岳母借项，又抹出八元，为母亲大人作生日之用，余为家情之需可也。,0,body_clean
CSQP-SFHC-TEXT-142,CSQP-SFHC-TEXT-142-AMT-001,港币壹拾元,壹拾元,10,港币,兹逢有便，特草寸缄驰问，外并港币壹拾元，至希查收，复音告慰为盼。,1,body_clean
CSQP-SFHC-TEXT-143,CSQP-SFHC-TEXT-143-AMT-001,港币拾元,拾元,10,港币,兹逢航便，付港币拾元正，至时查收，以充茶果之需。,1,body_clean
CSQP-SFHC-TEXT-145,CSQP-SFHC-TEXT-145-AMT-001,银六十三元,六十三元,63,银元,联璧寄来银六十三元，计十三元交伊妇收用，五十元交家用，并鸭腩四只。,1,body_clean
CSQP-SFHC-TEXT-145,CSQP-SFHC-TEXT-145-AMT-002,十三元,十三元,13,元,联璧寄来银六十三元，计十三元交伊妇收用，五十元交家用，并鸭腩四只。,0,body_clean
CSQP-SFHC-TEXT-145,CSQP-SFHC-TEXT-145-AMT-003,五十元,五十元,50,元,联璧寄来银六十三元，计十三元交伊妇收用，五十元交家用，并鸭腩四只。,0,body_clean
CSQP-SFHC-TEXT-146,CSQP-SFHC-TEXT-146-AMT-001,五十元,五十元,50,元,所云家情费用浩繁，望家批提早多寄等情，你须念父在叻劳苦工作，每月辛（薪）金不外五十元而已，除洗衣之后，实仅四十余元，尽量寄为家批。,0,body_clean
CSQP-SFHC-TEXT-146,CSQP-SFHC-TEXT-146-AMT-002,港币五十元,五十元,50,港币,今寄去港币五十元，至时查收，以作家用。,1,body_clean
CSQP-SFHC-TEXT-146,CSQP-SFHC-TEXT-146-AMT-003,十五元,十五元,15,元,巧仙女儿，现在军港义标埔之厝屋，日间为人洗衣，每月仅赚十五元而已，你宜知之。,0,body_clean
CSQP-SFHC-TEXT-147,CSQP-SFHC-TEXT-147-AMT-001,港币柒拾伍元,柒拾伍元,75,港币,批款：港币柒拾伍元,1,body_clean
CSQP-SFHC-TEXT-147,CSQP-SFHC-TEXT-147-AMT-002,港币七十五元,七十五元,75,港币,兹因批期之便，再附港币七十五元，至希查收是盼。,0,body_clean
CSQP-SFHC-TEXT-148,CSQP-SFHC-TEXT-148-AMT-001,港币陆拾元,陆拾元,60,港币,刻寄去港币陆拾元，至时查收，以应家情之需。,1,body_clean
CSQP-SFHC-TEXT-149,CSQP-SFHC-TEXT-149-AMT-001,港币伍拾元,伍拾元,50,港币,批款：港币伍拾元,1,body_clean
CSQP-SFHC-TEXT-149,CSQP-SFHC-TEXT-149-AMT-002,港币伍拾元,伍拾元,50,港币,兹达邮便，敬具寸草，外并港币伍拾元，至祈查收。,0,body_clean
CSQP-SFHC-TEXT-149,CSQP-SFHC-TEXT-149-AMT-003,捌元,捌元,8,元,内中请拨出捌元，奉与外祖母是奉。,0,body_clean
CSQP-SFHC-TEXT-152,CSQP-SFHC-TEXT-152-AMT-001,港币壹佰元,壹佰元,100,港币,批款：港币壹佰元,1,body_clean
CSQP-SFHC-TEXT-152,CSQP-SFHC-TEXT-152-AMT-002,港币壹佰元,壹佰元,100,港币,刻逢轮船返国之便，奉上港币壹佰元，以作应用。,0,body_clean
CSQP-SFHC-TEXT-153,CSQP-SFHC-TEXT-153-AMT-001,港币伍拾元,伍拾元,50,港币,批款：港币伍拾元,1,body_clean
CSQP-SFHC-TEXT-153,CSQP-SFHC-TEXT-153-AMT-002,港币伍拾元,伍拾元,50,港币,兹顺奉上港币伍拾元，至祈查收。,0,body_clean
CSQP-SFHC-TEXT-154,CSQP-SFHC-TEXT-154-AMT-001,港币叁拾元,叁拾元,30,港币,外随港币叁拾元，至日查收。,1,body_clean
CSQP-SFHC-TEXT-155,CSQP-SFHC-TEXT-155-AMT-001,佰元,佰元,100,元,窃自令婿炳桂抵叻之后，不久即生疾病，医药一概（概）损失，须在数佰元之度，该项乃由余及攀河所等为应付，是以家批少寄，即以此之故耳。,0,body_clean
CSQP-SFHC-TEXT-155,CSQP-SFHC-TEXT-155-AMT-002,港币三十六元,三十六元,36,港币,兹逢顺便，外附港币三十六元，到祈查收。,1,body_clean
CSQP-SFHC-TEXT-155,CSQP-SFHC-TEXT-155-AMT-003,拾四元,拾四元,14,元,内计抹送诸人收为腰金，列于下：二婶拾四元，阿昌之子四元，谢渡流贞姨四元，清娇姑四元，才遂姆弍元，老添顺婶弍元，三婶弍元，惠来四婶四元，合共三十六元，祈照信分发乃盼。,0,body_clean
CSQP-SFHC-TEXT-155,CSQP-SFHC-TEXT-155-AMT-004,四元,四元,4,元,内计抹送诸人收为腰金，列于下：二婶拾四元，阿昌之子四元，谢渡流贞姨四元，清娇姑四元，才遂姆弍元，老添顺婶弍元，三婶弍元，惠来四婶四元，合共三十六元，祈照信分发乃盼。,0,body_clean
CSQP-SFHC-TEXT-155,CSQP-SFHC-TEXT-155-AMT-005,弍元,弍元,2,元,内计抹送诸人收为腰金，列于下：二婶拾四元，阿昌之子四元，谢渡流贞姨四元，清娇姑四元，才遂姆弍元，老添顺婶弍元，三婶弍元，惠来四婶四元，合共三十六元，祈照信分发乃盼。,0,body_clean
CSQP-SFHC-TEXT-155,CSQP-SFHC-TEXT-155-AMT-006,三十六元,三十六元,36,元,内计抹送诸人收为腰金，列于下：二婶拾四元，阿昌之子四元，谢渡流贞姨四元，清娇姑四元，才遂姆弍元，老添顺婶弍元，三婶弍元，惠来四婶四元，合共三十六元，祈照信分发乃盼。,0,body_clean
CSQP-SFHC-TEXT-156,CSQP-SFHC-TEXT-156-AMT-001,港币叁拾伍元,叁拾伍元,35,港币,批款：港币叁拾伍元,1,body_clean
CSQP-SFHC-TEXT-156,CSQP-SFHC-TEXT-156-AMT-002,港币叁拾伍元,叁拾伍元,35,港币,今逢批局之便，外寄港币叁拾伍元，到时检收。,0,body_clean
CSQP-SFHC-TEXT-156,CSQP-SFHC-TEXT-156-AMT-003,港币贰拾元,贰拾元,20,港币,内呈港币贰拾元，分交大妗、细姨收用，又抹伍元，交厝边侄儿收，余拾元望祈笑纳为荷。,0,body_clean
CSQP-SFHC-TEXT-156,CSQP-SFHC-TEXT-156-AMT-004,伍元,伍元,5,元,内呈港币贰拾元，分交大妗、细姨收用，又抹伍元，交厝边侄儿收，余拾元望祈笑纳为荷。,0,body_clean
CSQP-SFHC-TEXT-156,CSQP-SFHC-TEXT-156-AMT-005,拾元,拾元,10,元,内呈港币贰拾元，分交大妗、细姨收用，又抹伍元，交厝边侄儿收，余拾元望祈笑纳为荷。,0,body_clean
CSQP-SFHC-TEXT-157,CSQP-SFHC-TEXT-157-AMT-001,港币伍拾元,伍拾元,50,港币,批款：港币伍拾元,1,body_clean
CSQP-SFHC-TEXT-157,CSQP-SFHC-TEXT-157-AMT-002,港币伍拾元,伍拾元,50,港币,兹逢邮便，付去港币伍拾元，至时查收，作为家用可也。,0,body_clean
CSQP-SFHC-TEXT-158,CSQP-SFHC-TEXT-158-AMT-001,港币壹拾元,壹拾元,10,港币,外并附上港币壹拾元，查收，以敬茶用。,1,body_clean
CSQP-SFHC-TEXT-159,CSQP-SFHC-TEXT-159-AMT-001,港币壹佰元,壹佰元,100,港币,兹再顺批期之便，付上港币壹佰元，至希查收。,1,body_clean
CSQP-SFHC-TEXT-159,CSQP-SFHC-TEXT-159-AMT-002,五元,五元,5,元,内祈抹五元，送复源孙儿收用，余者以应家用，二地平安。,0,body_clean
CSQP-SFHC-TEXT-160,CSQP-SFHC-TEXT-160-AMT-001,港币肆拾元,肆拾元,40,港币,批款：港币肆拾元,1,body_clean
CSQP-SFHC-TEXT-160,CSQP-SFHC-TEXT-160-AMT-002,港币四十元,四十元,40,港币,兹奉上港币四十元，计奉上祖母大人、外祖母大人、并大人暨夏塘姑娘各伍元，丽妹、彭弟、宽弟各给弍元，以为年关腰金之喜，余存十四元以为家中之用，余后禀。,0,body_clean
CSQP-SFHC-TEXT-160,CSQP-SFHC-TEXT-160-AMT-003,伍元,伍元,5,元,兹奉上港币四十元，计奉上祖母大人、外祖母大人、并大人暨夏塘姑娘各伍元，丽妹、彭弟、宽弟各给弍元，以为年关腰金之喜，余存十四元以为家中之用，余后禀。,0,body_clean
CSQP-SFHC-TEXT-160,CSQP-SFHC-TEXT-160-AMT-004,弍元,弍元,2,元,兹奉上港币四十元，计奉上祖母大人、外祖母大人、并大人暨夏塘姑娘各伍元，丽妹、彭弟、宽弟各给弍元，以为年关腰金之喜，余存十四元以为家中之用，余后禀。,0,body_clean
CSQP-SFHC-TEXT-160,CSQP-SFHC-TEXT-160-AMT-005,十四元,十四元,14,元,兹奉上港币四十元，计奉上祖母大人、外祖母大人、并大人暨夏塘姑娘各伍元，丽妹、彭弟、宽弟各给弍元，以为年关腰金之喜，余存十四元以为家中之用，余后禀。,0,body_clean
CSQP-SFHC-TEXT-161,CSQP-SFHC-TEXT-161-AMT-001,港币四拾元,四拾元,40,港币,批款：港币四拾元,1,body_clean
CSQP-SFHC-TEXT-161,CSQP-SFHC-TEXT-161-AMT-002,银二百元,二百元,200,银元,膝下敬禀者，前日回音，询问长子炎汉事，但他前在银行任职，每月辛（薪）金不过港银二百元而已，因未再升，所以（以）自动辞职，刻在店内帮手。,0,body_clean
CSQP-SFHC-TEXT-161,CSQP-SFHC-TEXT-161-AMT-003,港币四拾元,四拾元,40,港币,今承羽便，奉上港币四拾元正，到希查收。,0,body_clean
CSQP-SFHC-TEXT-161,CSQP-SFHC-TEXT-161-AMT-004,伍元,伍元,5,元,内计伍元母亲大人收启，又计拾元侄女芬收启，计伍元南梅弟妇收启，余存之款，交南梅弟妇帮为伙食之需。,0,body_clean
CSQP-SFHC-TEXT-161,CSQP-SFHC-TEXT-161-AMT-005,拾元,拾元,10,元,内计伍元母亲大人收启，又计拾元侄女芬收启，计伍元南梅弟妇收启，余存之款，交南梅弟妇帮为伙食之需。,0,body_clean
CSQP-SFHC-TEXT-162,CSQP-SFHC-TEXT-162-AMT-001,银式拾元,式拾元,20,银元,今特邮便，寄上香港银式拾元正，若祈到时，照为查收，呈送与姻姊弟二位作为腰金之用，区区微仪，务希哂纳乃荷。,1,body_clean
CSQP-SFHC-TEXT-162,CSQP-SFHC-TEXT-162-AMT-002,银捌拾元,捌拾元,80,银元,另外，暗汇上香港银捌拾元正，至时亦劳照收，留作二儿日常之费耳。,0,body_clean
CSQP-SFHC-TEXT-163,CSQP-SFHC-TEXT-163-AMT-001,港币捌拾元,捌拾元,80,港币,批款：港币捌拾元,1,body_clean
CSQP-SFHC-TEXT-163,CSQP-SFHC-TEXT-163-AMT-002,港币捌拾元,捌拾元,80,港币,刻值大轮转国之便，恭具寸草，外并港币捌拾元正，至时查收，以家情之需。,0,body_clean
CSQP-SFHC-TEXT-164,CSQP-SFHC-TEXT-164-AMT-001,银壹佰元,壹佰元,100,银元,今特逢邮之便，寄上香港银壹佰元正，到时查收，作给儿子之费用也。,1,body_clean
CSQP-SFHC-TEXT-165,CSQP-SFHC-TEXT-165-AMT-001,港币伍拾元,伍拾元,50,港币,谨禀者，刻适邮便，奉上港币伍拾元，到请检收，充作家用。,1,body_clean
CSQP-SFHC-TEXT-166,CSQP-SFHC-TEXT-166-AMT-001,港币伍拾元,伍拾元,50,港币,批款：港币伍拾元,1,body_clean
CSQP-SFHC-TEXT-166,CSQP-SFHC-TEXT-166-AMT-002,港币伍拾元,伍拾元,50,港币,今适值航期之便，付呈港币伍拾元，至时查收，聊作春耕之急需。,0,body_clean
CSQP-SFHC-TEXT-167,CSQP-SFHC-TEXT-167-AMT-001,港币肆拾元,肆拾元,40,港币,批款：港币肆拾元,1,body_clean
CSQP-SFHC-TEXT-167,CSQP-SFHC-TEXT-167-AMT-002,港币肆拾元,肆拾元,40,港币,因轮之便，寄去港币肆拾元，到日收人，以助家情之需。,0,body_clean
CSQP-SFHC-TEXT-168,CSQP-SFHC-TEXT-168-AMT-001,港币柒拾伍元,柒拾伍元,75,港币,批款：港币柒拾伍元,1,body_clean
CSQP-SFHC-TEXT-168,CSQP-SFHC-TEXT-168-AMT-002,柒拾伍元,柒拾伍元,75,元,兹付去柒拾伍元，查收家用，余言后信再申。,0,body_clean
CSQP-SFHC-TEXT-169,CSQP-SFHC-TEXT-169-AMT-001,港币叁拾元,叁拾元,30,港币,兹顺便付上港币叁拾元，内计抹给吾儿培松五元收用，男奉送吾义母五元，以作茶果之需，余遗廿元，以供作吾姐家用之要。,1,body_clean
CSQP-SFHC-TEXT-169,CSQP-SFHC-TEXT-169-AMT-002,五元,五元,5,元,兹顺便付上港币叁拾元，内计抹给吾儿培松五元收用，男奉送吾义母五元，以作茶果之需，余遗廿元，以供作吾姐家用之要。,0,body_clean
CSQP-SFHC-TEXT-169,CSQP-SFHC-TEXT-169-AMT-003,廿元,廿元,20,元,兹顺便付上港币叁拾元，内计抹给吾儿培松五元收用，男奉送吾义母五元，以作茶果之需，余遗廿元，以供作吾姐家用之要。,0,body_clean
CSQP-SFHC-TEXT-169,CSQP-SFHC-TEXT-169-AMT-004,港币弍拾元,弍拾元,20,港币,顷承便寄港币弍拾元，至祈收入。,0,body_clean
CSQP-SFHC-TEXT-169,CSQP-SFHC-TEXT-169-AMT-005,五元,五元,5,元,内计抹五元，奉送祖母大人，再抹五元，送交家母大人收用，并五元给胞弟树彪收用，余遗五元，以供大人茶品之需，尚希笑纳多多。,0,body_clean
CSQP-SFHC-TEXT-170,CSQP-SFHC-TEXT-170-AMT-001,二十元,二十元,20,元,呈上二十元，查收应用。,1,body_clean
CSQP-SFHC-TEXT-171,CSQP-SFHC-TEXT-171-AMT-001,港币伍拾元,伍拾元,50,港币,兹逢批期之便，奉上港币伍拾元，到时查收。,1,body_clean
CSQP-SFHC-TEXT-171,CSQP-SFHC-TEXT-171-AMT-002,四十元,四十元,40,元,内计四十元交还令爱来叻所借欠，余存之十元，作为大人茶品之需。,0,body_clean
CSQP-SFHC-TEXT-171,CSQP-SFHC-TEXT-171-AMT-003,十元,十元,10,元,内计四十元交还令爱来叻所借欠，余存之十元，作为大人茶品之需。,0,body_clean
CSQP-SFHC-TEXT-172,CSQP-SFHC-TEXT-172-AMT-001,港币壹佰元,壹佰元,100,港币,兹逢空邮之便，寄上一信，外并港币壹佰元正，至祈检收。,1,body_clean
CSQP-SFHC-TEXT-172,CSQP-SFHC-TEXT-172-AMT-002,二十元,二十元,20,元,内计抹出二十元，交前陇母姨收用，又抹出二十元，交木德兄收用，又抹出十元，交瑞裕嫂收用，又抹出十元，交声荣弟收用，余者四十元，以应吾兄之需用。,0,body_clean
CSQP-SFHC-TEXT-172,CSQP-SFHC-TEXT-172-AMT-003,十元,十元,10,元,内计抹出二十元，交前陇母姨收用，又抹出二十元，交木德兄收用，又抹出十元，交瑞裕嫂收用，又抹出十元，交声荣弟收用，余者四十元，以应吾兄之需用。,0,body_clean
CSQP-SFHC-TEXT-172,CSQP-SFHC-TEXT-172-AMT-004,四十元,四十元,40,元,内计抹出二十元，交前陇母姨收用，又抹出二十元，交木德兄收用，又抹出十元，交瑞裕嫂收用，又抹出十元，交声荣弟收用，余者四十元，以应吾兄之需用。,0,body_clean
CSQP-SFHC-TEXT-173,CSQP-SFHC-TEXT-173-AMT-001,港币壹拾元,壹拾元,10,港币,批款：港币壹拾元,1,body_clean
CSQP-SFHC-TEXT-173,CSQP-SFHC-TEXT-173-AMT-002,银壹拾元,壹拾元,10,银元,兹逢邮便，呈来港币银壹拾元正，到请检收，藉作茶茗之需可也，特此告达。,0,body_clean
CSQP-SFHC-TEXT-174,CSQP-SFHC-TEXT-174-AMT-001,港币叁拾元,叁拾元,30,港币,今逢便时，付上港币叁拾元正，到祈查收，内中抹五元交大姨之用，又抹五元交溪东姨之用，余存弍拾元，作大人之费用可也。,1,body_clean
CSQP-SFHC-TEXT-174,CSQP-SFHC-TEXT-174-AMT-002,五元,五元,5,元,今逢便时，付上港币叁拾元正，到祈查收，内中抹五元交大姨之用，又抹五元交溪东姨之用，余存弍拾元，作大人之费用可也。,0,body_clean
CSQP-SFHC-TEXT-174,CSQP-SFHC-TEXT-174-AMT-003,弍拾元,弍拾元,20,元,今逢便时，付上港币叁拾元正，到祈查收，内中抹五元交大姨之用，又抹五元交溪东姨之用，余存弍拾元，作大人之费用可也。,0,body_clean
CSQP-SFHC-TEXT-175,CSQP-SFHC-TEXT-175-AMT-001,港币贰拾元,贰拾元,20,港币,批款：港币贰拾元,1,body_clean
CSQP-SFHC-TEXT-176,CSQP-SFHC-TEXT-176-AMT-001,伍拾元,伍拾元,50,元,随函伍拾元，伏祈检收为盼。,1,body_clean
CSQP-SFHC-TEXT-177,CSQP-SFHC-TEXT-177-AMT-001,币三十六元,三十六元,36,元,兹付去人民币三十六元二角七分，至请查收，以付应用，余候后寄。,1,body_clean
CSQP-SFHC-TEXT-177,CSQP-SFHC-TEXT-177-AMT-002,二角,二角,2,角,兹付去人民币三十六元二角七分，至请查收，以付应用，余候后寄。,0,body_clean
CSQP-SFHC-TEXT-178,CSQP-SFHC-TEXT-178-AMT-001,港币壹佰元,壹佰元,100,港币,刻逢空邮之便，外寄港币壹佰元正，至祈检收。,1,body_clean
CSQP-SFHC-TEXT-178,CSQP-SFHC-TEXT-178-AMT-002,十元,十元,10,元,内抹出十元，交前陇母姨收，另抹十元，交木德兄收用，另抹十元交声荣弟收用，信到之日，祈照字分送了布，余者七十元，以供吾兄之需。,0,body_clean
CSQP-SFHC-TEXT-178,CSQP-SFHC-TEXT-178-AMT-003,七十元,七十元,70,元,内抹出十元，交前陇母姨收，另抹十元，交木德兄收用，另抹十元交声荣弟收用，信到之日，祈照字分送了布，余者七十元，以供吾兄之需。,0,body_clean
CSQP-SFHC-TEXT-179,CSQP-SFHC-TEXT-179-AMT-001,港币陆拾元,陆拾元,60,港币,批款：港币陆拾元,1,body_clean
CSQP-SFHC-TEXT-179,CSQP-SFHC-TEXT-179-AMT-002,港币陆拾元,陆拾元,60,港币,刻附港币陆拾元，至请查收应用。,0,body_clean
CSQP-SFHC-TEXT-181,CSQP-SFHC-TEXT-181-AMT-001,港币壹佰元,壹佰元,100,港币,批款：港币壹佰元,1,body_clean
CSQP-SFHC-TEXT-181,CSQP-SFHC-TEXT-181-AMT-002,港币壹佰元,壹佰元,100,港币,兹奉上港币壹佰元正，到请查收，覆慰。,0,body_clean
CSQP-SFHC-TEXT-182,CSQP-SFHC-TEXT-182-AMT-001,港币柒拾伍元,柒拾伍元,75,港币,批款：港币柒拾伍元,1,body_clean
CSQP-SFHC-TEXT-182,CSQP-SFHC-TEXT-182-AMT-002,港币柒拾伍元,柒拾伍元,75,港币,敬禀者，兹逢羽便，寄上港币柒拾伍元，至时查收，以作家用可也。,0,body_clean
CSQP-SFHC-TEXT-183,CSQP-SFHC-TEXT-183-AMT-001,港币伍拾元,伍拾元,50,港币,批款：港币伍拾元,1,body_clean
CSQP-SFHC-TEXT-183,CSQP-SFHC-TEXT-183-AMT-002,港币伍拾元,伍拾元,50,港币,兹逢便，外奉上港币伍拾元，至祈查收，以作家情之用。,0,body_clean
CSQP-SFHC-TEXT-184,CSQP-SFHC-TEXT-184-AMT-001,港币伍拾元,伍拾元,50,港币,寄上港币伍拾元正，奉呈曾祖父与祖父母作为腰金。,1,body_clean
CSQP-SFHC-TEXT-185,CSQP-SFHC-TEXT-185-AMT-001,银伍拾元,伍拾元,50,银元,批款：港银伍拾元,1,body_clean
CSQP-SFHC-TEXT-185,CSQP-SFHC-TEXT-185-AMT-002,港币伍拾元,伍拾元,50,港币,敬禀者，兹逢航便，寄了港币伍拾元正，到祈查收。,0,body_clean
CSQP-SFHC-TEXT-185,CSQP-SFHC-TEXT-185-AMT-003,肆拾元,肆拾元,40,元,计肆拾元大人寿诞之敬，存拾元送去容妨，妥后示知。,0,body_clean
CSQP-SFHC-TEXT-185,CSQP-SFHC-TEXT-185-AMT-004,拾元,拾元,10,元,计肆拾元大人寿诞之敬，存拾元送去容妨，妥后示知。,0,body_clean
CSQP-SFHC-TEXT-186,CSQP-SFHC-TEXT-186-AMT-001,港币柒拾伍元,柒拾伍元,75,港币,批款：港币柒拾伍元,1,body_clean
CSQP-SFHC-TEXT-186,CSQP-SFHC-TEXT-186-AMT-002,港币七十五元,七十五元,75,港币,现在邮上港币七十五元，作为家用，请查收，其它的事下信再告。,0,body_clean
CSQP-SFHC-TEXT-187,CSQP-SFHC-TEXT-187-AMT-001,港币壹佰元,壹佰元,100,港币,今特着孙儿奉寄此书信，拜问祖父母，福体安康，诸事胜常，并外寄港币壹佰元正，聊作祖父母烟果之资。,1,body_clean
CSQP-SFHC-TEXT-188,CSQP-SFHC-TEXT-188-AMT-001,港币叁佰元,叁佰元,300,港币,批款：港币叁佰元,1,body_clean
CSQP-SFHC-TEXT-188,CSQP-SFHC-TEXT-188-AMT-002,港币叁佰元,叁佰元,300,港币,兹逢航便，寄上港币叁佰元，内抹交二妗壹佰元，抹交贤宝姻兄壹佰元，至祈代为投交为盼，并代贤宝兄及二妗致候为盼。,0,body_clean
CSQP-SFHC-TEXT-188,CSQP-SFHC-TEXT-188-AMT-003,壹佰元,壹佰元,100,元,兹逢航便，寄上港币叁佰元，内抹交二妗壹佰元，抹交贤宝姻兄壹佰元，至祈代为投交为盼，并代贤宝兄及二妗致候为盼。,0,body_clean
CSQP-SFHC-TEXT-189,CSQP-SFHC-TEXT-189-AMT-001,币肆拾元,肆拾元,40,元,兹寄香币肆拾元正，到时查收，以作兄台茶果之敬，尚希笑纳是幸。,1,body_clean
CSQP-SFHC-TEXT-190,CSQP-SFHC-TEXT-190-AMT-001,币壹佰伍拾元,壹佰伍拾元,150,元,兹由亚才汇上人民币壹佰伍拾元，到时查收。,1,body_clean
CSQP-SFHC-TEXT-190,CSQP-SFHC-TEXT-190-AMT-002,伍十元,伍十元,50,元,内抹伍十元，送与竹下老姑娘，又佩珠妹、府上二老婶各式拾元，余之大人收用。,0,body_clean
CSQP-SFHC-TEXT-190,CSQP-SFHC-TEXT-190-AMT-003,式拾元,式拾元,20,元,内抹伍十元，送与竹下老姑娘，又佩珠妹、府上二老婶各式拾元，余之大人收用。,0,body_clean
CSQP-SFHC-TEXT-191,CSQP-SFHC-TEXT-191-AMT-001,港币壹佰壹拾元,壹佰壹拾元,110,港币,兹奉上港币壹佰壹拾元，至祈查收，除抹与赛贤妗壹拾伍元，余为廿旨之敬。,1,body_clean
CSQP-SFHC-TEXT-191,CSQP-SFHC-TEXT-191-AMT-002,壹拾伍元,壹拾伍元,15,元,兹奉上港币壹佰壹拾元，至祈查收，除抹与赛贤妗壹拾伍元，余为廿旨之敬。,0,body_clean
CSQP-SFHC-TEXT-192,CSQP-SFHC-TEXT-192-AMT-001,港币叁拾元,叁拾元,30,港币,兹话有便，特寄去港币叁拾元，内抹伍元，送交桐端老叔台茶仪之需，顺便告彼，予现尚无职业，本拟专函致候，莫奈手内拮据，故尔请彼原谅可矣。,1,body_clean
CSQP-SFHC-TEXT-192,CSQP-SFHC-TEXT-192-AMT-002,伍元,伍元,5,元,兹话有便，特寄去港币叁拾元，内抹伍元，送交桐端老叔台茶仪之需，顺便告彼，予现尚无职业，本拟专函致候，莫奈手内拮据，故尔请彼原谅可矣。,0,body_clean
CSQP-SFHC-TEXT-193,CSQP-SFHC-TEXT-193-AMT-001,港币七十元,七十元,70,港币,适逢批期之便，外付去港币七十元，至时检收。,1,body_clean
CSQP-SFHC-TEXT-193,CSQP-SFHC-TEXT-193-AMT-002,二元,二元,2,元,内抹出二元，交母亲大人收用，由（又）四元交五嫂收用，余存之项以应家情之费，并冬至拜祖之需可也，以信分给勿误。,0,body_clean
CSQP-SFHC-TEXT-193,CSQP-SFHC-TEXT-193-AMT-003,）四元,四元,4,元,内抹出二元，交母亲大人收用，由（又）四元交五嫂收用，余存之项以应家情之费，并冬至拜祖之需可也，以信分给勿误。,0,body_clean
CSQP-SFHC-TEXT-194,CSQP-SFHC-TEXT-194-AMT-001,银叁拾元,叁拾元,30,银元,批款：港银叁拾元,1,body_clean
CSQP-SFHC-TEXT-194,CSQP-SFHC-TEXT-194-AMT-002,银肆拾元,肆拾元,40,银元,兹随函付（附）上港银肆拾元查收，为家情之用。,0,body_clean
CSQP-SFHC-TEXT-195,CSQP-SFHC-TEXT-195-AMT-001,港币弍拾元,弍拾元,20,港币,今逢便时，奉上港币弍拾元正，到祈查收，内作大人寿辰之庆，并祝福禄寿全是颂。,1,body_clean
CSQP-SFHC-TEXT-196,CSQP-SFHC-TEXT-196-AMT-001,港币柒拾伍元,柒拾伍元,75,港币,批款：港币柒拾伍元,1,body_clean
CSQP-SFHC-TEXT-196,CSQP-SFHC-TEXT-196-AMT-002,港币壹佰元,壹佰元,100,港币,上年十二月底，寄去一信，港币壹佰元，覆信不是柔枝所写，叫何人代写抑或被人偷收，回音来知。,0,body_clean
CSQP-SFHC-TEXT-196,CSQP-SFHC-TEXT-196-AMT-003,港币柒拾伍元,柒拾伍元,75,港币,今逢信局之便，付上港币柒拾伍元，到日查收，藉作家中之用。,0,body_clean
CSQP-SFHC-TEXT-197,CSQP-SFHC-TEXT-197-AMT-001,港币伍拾元,伍拾元,50,港币,批款：港币伍拾元,1,body_clean
CSQP-SFHC-TEXT-197,CSQP-SFHC-TEXT-197-AMT-002,港币伍拾元,伍拾元,50,港币,兹奉上港币伍拾元，至请查收。,0,body_clean
CSQP-SFHC-TEXT-197,CSQP-SFHC-TEXT-197-AMT-003,伍元,伍元,5,元,于其中送伍元与老姑母，作为茶果之需。,0,body_clean
CSQP-SFHC-TEXT-198,CSQP-SFHC-TEXT-198-AMT-001,港币弍拾元,弍拾元,20,港币,批款：港币弍拾元,1,body_clean
CSQP-SFHC-TEXT-198,CSQP-SFHC-TEXT-198-AMT-002,七八百元,七八百元,800,元,隔日即行出殡，丧事一概，计共费去七八百元之谱，特此报告吾嫂。,0,body_clean
CSQP-SFHC-TEXT-198,CSQP-SFHC-TEXT-198-AMT-003,港币弍拾元,弍拾元,20,港币,是日随逢期批之便，随函寄去港币弍拾元，收作家用之需也。,0,body_clean
CSQP-SFHC-TEXT-199,CSQP-SFHC-TEXT-199-AMT-001,银叁拾元,叁拾元,30,银元,敬禀者，兹付上港银叁拾元正，至希查收，充为家用，妥后示复。,1,body_clean
CSQP-SFHC-TEXT-200,CSQP-SFHC-TEXT-200-AMT-001,港币叁拾元,叁拾元,30,港币,兹寄去港币叁拾元，至时查收，作为汝等二人衣食之用。,1,body_clean
CSQP-SFHC-TEXT-200,CSQP-SFHC-TEXT-200-AMT-002,一元,一元,1,元,近据闻汝家骚变，使子震怒，茂篮夫妻不当己极，不思一元才能，自给尚无维持，端赖子力谋寄与，苟能和睦，安乐以理家计，则子虽劳苦养给，尤（犹）自甘心。,0,body_clean
CSQP-SFHC-TEXT-201,CSQP-SFHC-TEXT-201-AMT-001,弍拾元,弍拾元,20,元,此后最多只能如旧，每月弍拾元付去而已。,0,body_clean
CSQP-SFHC-TEXT-201,CSQP-SFHC-TEXT-201-AMT-002,港币四拾元,四拾元,40,港币,兹顺便寄去港币四拾元，如旧分抹之后，余作家需。,1,body_clean
CSQP-SFHC-TEXT-202,CSQP-SFHC-TEXT-202-AMT-001,港币伍拾元,伍拾元,50,港币,今逢批期之便，付上港币伍拾元，到日查收。,1,body_clean
CSQP-SFHC-TEXT-202,CSQP-SFHC-TEXT-202-AMT-002,伍元,伍元,5,元,抹出伍元，交汝细姑母，以作茶仪之用。,0,body_clean
CSQP-SFHC-TEXT-203,CSQP-SFHC-TEXT-203-AMT-001,港币三十元,三十元,30,港币,敬禀者，本月廿七日，承五舍飞汕之便，顺托带上港币三十元，并树呢鞋【橡胶鞋】壹双。,1,body_clean
CSQP-SFHC-TEXT-204,CSQP-SFHC-TEXT-204-AMT-001,港币柒拾元,柒拾元,70,港币,上函回批尚未接到，今再寄去一批，外洋港币柒拾元，至时检收。,1,body_clean
CSQP-SFHC-TEXT-204,CSQP-SFHC-TEXT-204-AMT-002,伍元,伍元,5,元,内计抹交，吾母亲大人伍元，又抹交三弟伍元，又抹交茂昌侄伍元，存余五十五元，作为家用。,0,body_clean
CSQP-SFHC-TEXT-204,CSQP-SFHC-TEXT-204-AMT-003,五十五元,五十五元,55,元,内计抹交，吾母亲大人伍元，又抹交三弟伍元，又抹交茂昌侄伍元，存余五十五元，作为家用。,0,body_clean
CSQP-SFHC-TEXT-205,CSQP-SFHC-TEXT-205-AMT-001,港币伍拾元,伍拾元,50,港币,兹逢航便，寄去港币伍拾元，到时查收。,1,body_clean
CSQP-SFHC-TEXT-205,CSQP-SFHC-TEXT-205-AMT-002,拾元,拾元,10,元,本月十五日为你祖母忌辰，拾元买箱〔民俗祭品衣箱〕牲礼祭礼，余为家情之用。,0,body_clean
CSQP-SFHC-TEXT-206,CSQP-SFHC-TEXT-206-AMT-001,港币肆拾元,肆拾元,40,港币,批款：港币肆拾元,1,body_clean
CSQP-SFHC-TEXT-206,CSQP-SFHC-TEXT-206-AMT-002,港币肆拾元,肆拾元,40,港币,今逢批期之便，付去港币肆拾元，到日查收，以应家中之用，专函布沏。,0,body_clean
CSQP-SFHC-TEXT-207,CSQP-SFHC-TEXT-207-AMT-001,港币叁拾元,叁拾元,30,港币,兹适船期之便，奉上港币叁拾元，祈为查收。,1,body_clean
CSQP-SFHC-TEXT-207,CSQP-SFHC-TEXT-207-AMT-002,肆元,肆元,4,元,内计祖母暨大人、外妈【外婆】、姑娘各肆元，又弟妹各一元，共十九元，余十一元作为家用，余容续禀。,0,body_clean
CSQP-SFHC-TEXT-207,CSQP-SFHC-TEXT-207-AMT-003,一元,一元,1,元,内计祖母暨大人、外妈【外婆】、姑娘各肆元，又弟妹各一元，共十九元，余十一元作为家用，余容续禀。,0,body_clean
CSQP-SFHC-TEXT-207,CSQP-SFHC-TEXT-207-AMT-004,十九元,十九元,19,元,内计祖母暨大人、外妈【外婆】、姑娘各肆元，又弟妹各一元，共十九元，余十一元作为家用，余容续禀。,0,body_clean
CSQP-SFHC-TEXT-207,CSQP-SFHC-TEXT-207-AMT-005,十一元,十一元,11,元,内计祖母暨大人、外妈【外婆】、姑娘各肆元，又弟妹各一元，共十九元，余十一元作为家用，余容续禀。,0,body_clean
CSQP-SFHC-TEXT-208,CSQP-SFHC-TEXT-208-AMT-001,港币叁拾元,叁拾元,30,港币,批款：港币叁拾元,1,body_clean
CSQP-SFHC-TEXT-208,CSQP-SFHC-TEXT-208-AMT-002,港币叁拾元,叁拾元,30,港币,启者，兹逢便寄去港币叁拾元，届时查收。,0,body_clean
CSQP-SFHC-TEXT-208,CSQP-SFHC-TEXT-208-AMT-003,壹拾元,壹拾元,10,元,内抹壹拾元，与相知叔收用，抹壹拾元与田兄拜祖，并拜傅先生，余壹拾元为女儿收用。,0,body_clean
CSQP-SFHC-TEXT-208,CSQP-SFHC-TEXT-208-AMT-004,壹佰元,壹佰元,100,元,上月尔兄，尝寄去壹佰元，系要还人数项，谅有收到？,0,body_clean
CSQP-SFHC-TEXT-209,CSQP-SFHC-TEXT-209-AMT-001,港币肆拾元,肆拾元,40,港币,兹者，今逢轮便，付去港币肆拾元，到时查收。,1,body_clean
CSQP-SFHC-TEXT-209,CSQP-SFHC-TEXT-209-AMT-002,陆元,陆元,6,元,内中抹出陆元，奉与二叔婶两位大人之用，又抹出肆元，奉与细姑之用，并代为问候，其余之项以作家情之用。,0,body_clean
CSQP-SFHC-TEXT-209,CSQP-SFHC-TEXT-209-AMT-003,肆元,肆元,4,元,内中抹出陆元，奉与二叔婶两位大人之用，又抹出肆元，奉与细姑之用，并代为问候，其余之项以作家情之用。,0,body_clean
CSQP-SFHC-TEXT-210,CSQP-SFHC-TEXT-210-AMT-001,港币壹佰伍拾元,壹佰伍拾元,150,港币,批款：港币壹佰伍拾元,1,body_clean
CSQP-SFHC-TEXT-210,CSQP-SFHC-TEXT-210-AMT-002,港币壹佰伍拾元,壹佰伍拾元,150,港币,敬启者，兹由批局寄上港币壹佰伍拾元，到祈检收。,0,body_clean
CSQP-SFHC-TEXT-210,CSQP-SFHC-TEXT-210-AMT-003,五十元,五十元,50,元,内抹五十元，交大兄收用，伍拾元交五弟收用，余五十元，我兄收用可也。,0,body_clean
CSQP-SFHC-TEXT-210,CSQP-SFHC-TEXT-210-AMT-004,伍拾元,伍拾元,50,元,内抹五十元，交大兄收用，伍拾元交五弟收用，余五十元，我兄收用可也。,0,body_clean
CSQP-SFHC-TEXT-211,CSQP-SFHC-TEXT-211-AMT-001,港币叁拾元,叁拾元,30,港币,兹承赍函，附上港币叁拾元，至请照收。,1,body_clean
CSQP-SFHC-TEXT-211,CSQP-SFHC-TEXT-211-AMT-002,壹拾元,壹拾元,10,元,内计壹拾元，呈交祖母大人收用，存余二十元，作为慈亲大人费用。,0,body_clean
CSQP-SFHC-TEXT-211,CSQP-SFHC-TEXT-211-AMT-003,二十元,二十元,20,元,内计壹拾元，呈交祖母大人收用，存余二十元，作为慈亲大人费用。,0,body_clean
CSQP-SFHC-TEXT-212,CSQP-SFHC-TEXT-212-AMT-001,港币陆拾元,陆拾元,60,港币,批款：港币陆拾元,1,body_clean
CSQP-SFHC-TEXT-212,CSQP-SFHC-TEXT-212-AMT-002,港币陆拾元,陆拾元,60,港币,兹寄港币陆拾元，与诸人福腰。,0,body_clean
CSQP-SFHC-TEXT-212,CSQP-SFHC-TEXT-212-AMT-003,十元,十元,10,元,计银姑妹十元，大媳十元，齐周侄十元，余存三十元大人自己收用，祈照为分交，乃荷，余事后禀。,0,body_clean
CSQP-SFHC-TEXT-212,CSQP-SFHC-TEXT-212-AMT-004,三十元,三十元,30,元,计银姑妹十元，大媳十元，齐周侄十元，余存三十元大人自己收用，祈照为分交，乃荷，余事后禀。,0,body_clean
