record_id,mention_id,alias_text,normalized_place,country_or_region,source_field
CSQP-SFHC-TEXT-001,CSQP-SFHC-TEXT-001-PLC-001,越南,越南,越南,title_reference
CSQP-SFHC-TEXT-001,CSQP-SFHC-TEXT-001-PLC-002,海邑,广东澄海,广东侨乡,title_reference
CSQP-SFHC-TEXT-001,CSQP-SFHC-TEXT-001-PLC-003,西洋乡,广东侨乡西洋乡,广东侨乡,title_reference
CSQP-SFHC-TEXT-001,CSQP-SFHC-TEXT-001-PLC-004,越南,越南,越南,sender
CSQP-SFHC-TEXT-001,CSQP-SFHC-TEXT-001-PLC-005,海邑,广东澄海,广东侨乡,recipient
CSQP-SFHC-TEXT-001,CSQP-SFHC-TEXT-001-PLC-006,西洋乡,广东侨乡西洋乡,广东侨乡,recipient
CSQP-SFHC-TEXT-001,CSQP-SFHC-TEXT-001-PLC-007,越南,越南,越南,body_clean
CSQP-SFHC-TEXT-001,CSQP-SFHC-TEXT-001-PLC-008,海邑,广东澄海,广东侨乡,body_clean
CSQP-SFHC-TEXT-001,CSQP-SFHC-TEXT-001-PLC-009,西洋乡,广东侨乡西洋乡,广东侨乡,body_clean
CSQP-SFHC-TEXT-001,CSQP-SFHC-TEXT-001-PLC-010,越南,越南,越南,place_mentions
CSQP-SFHC-TEXT-001,CSQP-SFHC-TEXT-001-PLC-011,海邑,广东澄海,广东侨乡,place_mentions
CSQP-SFHC-TEXT-001,CSQP-SFHC-TEXT-001-PLC-012,西洋乡,广东侨乡西洋乡,广东侨乡,place_mentions
CSQP-SFHC-TEXT-002,CSQP-SFHC-TEXT-002-PLC-001,新加坡,新加坡,新加坡,title_reference
CSQP-SFHC-TEXT-002,CSQP-SFHC-TEXT-002-PLC-002,叻坡,新加坡,新加坡,title_reference
CSQP-SFHC-TEXT-002,CSQP-SFHC-TEXT-002-PLC-003,潮安,广东潮安,广东侨乡,title_reference
CSQP-SFHC-TEXT-002,CSQP-SFHC-TEXT-002-PLC-004,大寨,广东潮安大寨,广东侨乡,title_reference
CSQP-SFHC-TEXT-002,CSQP-SFHC-TEXT-002-PLC-005,叻坡,新加坡,新加坡,sender
CSQP-SFHC-TEXT-002,CSQP-SFHC-TEXT-002-PLC-006,叻,新加坡,新加坡,sender
CSQP-SFHC-TEXT-002,CSQP-SFHC-TEXT-002-PLC-007,潮安,广东潮安,广东侨乡,recipient
CSQP-SFHC-TEXT-002,CSQP-SFHC-TEXT-002-PLC-008,大寨,广东潮安大寨,广东侨乡,recipient
CSQP-SFHC-TEXT-002,CSQP-SFHC-TEXT-002-PLC-009,叻坡,新加坡,新加坡,body_clean
CSQP-SFHC-TEXT-002,CSQP-SFHC-TEXT-002-PLC-010,潮安,广东潮安,广东侨乡,body_clean
CSQP-SFHC-TEXT-002,CSQP-SFHC-TEXT-002-PLC-011,大寨,广东潮安大寨,广东侨乡,body_clean
CSQP-SFHC-TEXT-002,CSQP-SFHC-TEXT-002-PLC-012,新加坡,新加坡,新加坡,place_mentions
CSQP-SFHC-TEXT-002,CSQP-SFHC-TEXT-002-PLC-013,叻坡,新加坡,新加坡,place_mentions
CSQP-SFHC-TEXT-002,CSQP-SFHC-TEXT-002-PLC-014,潮安,广东潮安,广东侨乡,place_mentions
CSQP-SFHC-TEXT-002,CSQP-SFHC-TEXT-002-PLC-015,大寨,广东潮安大寨,广东侨乡,place_mentions
CSQP-SFHC-TEXT-002,CSQP-SFHC-TEXT-002-PLC-016,叻,新加坡,新加坡,place_mentions
CSQP-SFHC-TEXT-003,CSQP-SFHC-TEXT-003-PLC-001,新加坡,新加坡,新加坡,title_reference
CSQP-SFHC-TEXT-003,CSQP-SFHC-TEXT-003-PLC-002,潮安,广东潮安,广东侨乡,title_reference
CSQP-SFHC-TEXT-003,CSQP-SFHC-TEXT-003-PLC-003,大寨,广东潮安大寨,广东侨乡,title_reference
CSQP-SFHC-TEXT-003,CSQP-SFHC-TEXT-003-PLC-004,叻坡,新加坡,新加坡,sender
CSQP-SFHC-TEXT-003,CSQP-SFHC-TEXT-003-PLC-005,叻,新加坡,新加坡,sender
CSQP-SFHC-TEXT-003,CSQP-SFHC-TEXT-003-PLC-006,潮安,广东潮安,广东侨乡,recipient
CSQP-SFHC-TEXT-003,CSQP-SFHC-TEXT-003-PLC-007,大寨,广东潮安大寨,广东侨乡,recipient
CSQP-SFHC-TEXT-003,CSQP-SFHC-TEXT-003-PLC-008,叻坡,新加坡,新加坡,body_clean
CSQP-SFHC-TEXT-003,CSQP-SFHC-TEXT-003-PLC-009,潮安,广东潮安,广东侨乡,body_clean
CSQP-SFHC-TEXT-003,CSQP-SFHC-TEXT-003-PLC-010,大寨,广东潮安大寨,广东侨乡,body_clean
CSQP-SFHC-TEXT-003,CSQP-SFHC-TEXT-003-PLC-011,新加坡,新加坡,新加坡,place_mentions
CSQP-SFHC-TEXT-003,CSQP-SFHC-TEXT-003-PLC-012,叻坡,新加坡,新加坡,place_mentions
CSQP-SFHC-TEXT-003,CSQP-SFHC-TEXT-003-PLC-013,潮安,广东潮安,广东侨乡,place_mentions
CSQP-SFHC-TEXT-003,CSQP-SFHC-TEXT-003-PLC-014,大寨,广东潮安大寨,广东侨乡,place_mentions
CSQP-SFHC-TEXT-003,CSQP-SFHC-TEXT-003-PLC-015,叻,新加坡,新加坡,place_mentions
CSQP-SFHC-TEXT-004,CSQP-SFHC-TEXT-004-PLC-001,潮汕,广东侨乡,广东侨乡,title_reference
CSQP-SFHC-TEXT-004,CSQP-SFHC-TEXT-004-PLC-002,潮汕,广东侨乡,广东侨乡,recipient
CSQP-SFHC-TEXT-004,CSQP-SFHC-TEXT-004-PLC-003,潮汕,广东侨乡,广东侨乡,place_mentions
CSQP-SFHC-TEXT-005,CSQP-SFHC-TEXT-005-PLC-001,澄邑,广东澄海,广东侨乡,title_reference
CSQP-SFHC-TEXT-005,CSQP-SFHC-TEXT-005-PLC-002,澄邑,广东澄海,广东侨乡,recipient
CSQP-SFHC-TEXT-005,CSQP-SFHC-TEXT-005-PLC-003,澄邑,广东澄海,广东侨乡,place_mentions
CSQP-SFHC-TEXT-006,CSQP-SFHC-TEXT-006-PLC-001,潮汕,广东侨乡,广东侨乡,title_reference
CSQP-SFHC-TEXT-006,CSQP-SFHC-TEXT-006-PLC-002,潮汕,广东侨乡,广东侨乡,recipient
CSQP-SFHC-TEXT-006,CSQP-SFHC-TEXT-006-PLC-003,潮汕,广东侨乡,广东侨乡,place_mentions
CSQP-SFHC-TEXT-006,CSQP-SFHC-TEXT-006-PLC-004,暹,泰国,泰国,place_mentions
CSQP-SFHC-TEXT-007,CSQP-SFHC-TEXT-007-PLC-001,泰国,泰国,泰国,title_reference
CSQP-SFHC-TEXT-007,CSQP-SFHC-TEXT-007-PLC-002,汀邑,广东澄海,广东侨乡,recipient
CSQP-SFHC-TEXT-007,CSQP-SFHC-TEXT-007-PLC-003,汀邑,广东澄海,广东侨乡,body_clean
CSQP-SFHC-TEXT-007,CSQP-SFHC-TEXT-007-PLC-004,泰国,泰国,泰国,place_mentions
CSQP-SFHC-TEXT-007,CSQP-SFHC-TEXT-007-PLC-005,汀邑,广东澄海,广东侨乡,place_mentions
CSQP-SFHC-TEXT-007,CSQP-SFHC-TEXT-007-PLC-006,暹,泰国,泰国,place_mentions
CSQP-SFHC-TEXT-008,CSQP-SFHC-TEXT-008-PLC-001,潮汕,广东侨乡,广东侨乡,title_reference
CSQP-SFHC-TEXT-008,CSQP-SFHC-TEXT-008-PLC-002,潮汕,广东侨乡,广东侨乡,recipient
CSQP-SFHC-TEXT-008,CSQP-SFHC-TEXT-008-PLC-003,潮汕,广东侨乡,广东侨乡,place_mentions
CSQP-SFHC-TEXT-009,CSQP-SFHC-TEXT-009-PLC-001,澄莲,广东澄海,广东侨乡,title_reference
CSQP-SFHC-TEXT-009,CSQP-SFHC-TEXT-009-PLC-002,澄莲,广东澄海,广东侨乡,recipient
CSQP-SFHC-TEXT-009,CSQP-SFHC-TEXT-009-PLC-003,澄莲,广东澄海,广东侨乡,place_mentions
CSQP-SFHC-TEXT-010,CSQP-SFHC-TEXT-010-PLC-001,潮汕,广东侨乡,广东侨乡,title_reference
CSQP-SFHC-TEXT-010,CSQP-SFHC-TEXT-010-PLC-002,潮汕,广东侨乡,广东侨乡,recipient
CSQP-SFHC-TEXT-010,CSQP-SFHC-TEXT-010-PLC-003,潮汕,广东侨乡,广东侨乡,place_mentions
CSQP-SFHC-TEXT-011,CSQP-SFHC-TEXT-011-PLC-001,彭亨,马来西亚彭亨,马来西亚,title_reference
CSQP-SFHC-TEXT-011,CSQP-SFHC-TEXT-011-PLC-002,潮安,广东潮安,广东侨乡,title_reference
CSQP-SFHC-TEXT-011,CSQP-SFHC-TEXT-011-PLC-003,东凤,广东潮安东凤,广东侨乡,title_reference
CSQP-SFHC-TEXT-011,CSQP-SFHC-TEXT-011-PLC-004,彭亨,马来西亚彭亨,马来西亚,sender
CSQP-SFHC-TEXT-011,CSQP-SFHC-TEXT-011-PLC-005,潮安,广东潮安,广东侨乡,recipient
CSQP-SFHC-TEXT-011,CSQP-SFHC-TEXT-011-PLC-006,东凤,广东潮安东凤,广东侨乡,recipient
CSQP-SFHC-TEXT-011,CSQP-SFHC-TEXT-011-PLC-007,彭亨,马来西亚彭亨,马来西亚,body_clean
CSQP-SFHC-TEXT-011,CSQP-SFHC-TEXT-011-PLC-008,嘭,马来西亚彭亨,马来西亚,body_clean
CSQP-SFHC-TEXT-011,CSQP-SFHC-TEXT-011-PLC-009,潮安,广东潮安,广东侨乡,body_clean
CSQP-SFHC-TEXT-011,CSQP-SFHC-TEXT-011-PLC-010,东凤,广东潮安东凤,广东侨乡,body_clean
CSQP-SFHC-TEXT-011,CSQP-SFHC-TEXT-011-PLC-011,彭亨,马来西亚彭亨,马来西亚,place_mentions
CSQP-SFHC-TEXT-011,CSQP-SFHC-TEXT-011-PLC-012,嘭,马来西亚彭亨,马来西亚,place_mentions
CSQP-SFHC-TEXT-011,CSQP-SFHC-TEXT-011-PLC-013,潮安,广东潮安,广东侨乡,place_mentions
CSQP-SFHC-TEXT-011,CSQP-SFHC-TEXT-011-PLC-014,东凤,广东潮安东凤,广东侨乡,place_mentions
CSQP-SFHC-TEXT-012,CSQP-SFHC-TEXT-012-PLC-001,潮安,广东潮安,广东侨乡,title_reference
CSQP-SFHC-TEXT-012,CSQP-SFHC-TEXT-012-PLC-002,叻,新加坡,新加坡,sender
CSQP-SFHC-TEXT-012,CSQP-SFHC-TEXT-012-PLC-003,潮安,广东潮安,广东侨乡,recipient
CSQP-SFHC-TEXT-012,CSQP-SFHC-TEXT-012-PLC-004,叻坡,新加坡,新加坡,body_clean
CSQP-SFHC-TEXT-012,CSQP-SFHC-TEXT-012-PLC-005,叻,新加坡,新加坡,body_clean
CSQP-SFHC-TEXT-012,CSQP-SFHC-TEXT-012-PLC-006,叻坡,新加坡,新加坡,place_mentions
CSQP-SFHC-TEXT-012,CSQP-SFHC-TEXT-012-PLC-007,潮安,广东潮安,广东侨乡,place_mentions
CSQP-SFHC-TEXT-012,CSQP-SFHC-TEXT-012-PLC-008,叻,新加坡,新加坡,place_mentions
CSQP-SFHC-TEXT-012,CSQP-SFHC-TEXT-012-PLC-009,暹,泰国,泰国,place_mentions
CSQP-SFHC-TEXT-013,CSQP-SFHC-TEXT-013-PLC-001,暹,泰国,泰国,place_mentions
CSQP-SFHC-TEXT-014,CSQP-SFHC-TEXT-014-PLC-001,澄海,广东澄海,广东侨乡,title_reference
CSQP-SFHC-TEXT-014,CSQP-SFHC-TEXT-014-PLC-002,澄邑,广东澄海,广东侨乡,recipient
CSQP-SFHC-TEXT-014,CSQP-SFHC-TEXT-014-PLC-003,澄邑,广东澄海,广东侨乡,body_clean
CSQP-SFHC-TEXT-014,CSQP-SFHC-TEXT-014-PLC-004,澄海,广东澄海,广东侨乡,place_mentions
CSQP-SFHC-TEXT-014,CSQP-SFHC-TEXT-014-PLC-005,澄邑,广东澄海,广东侨乡,place_mentions
CSQP-SFHC-TEXT-014,CSQP-SFHC-TEXT-014-PLC-006,暹,泰国,泰国,place_mentions
CSQP-SFHC-TEXT-015,CSQP-SFHC-TEXT-015-PLC-001,潮汕,广东侨乡,广东侨乡,title_reference
CSQP-SFHC-TEXT-015,CSQP-SFHC-TEXT-015-PLC-002,潮汕,广东侨乡,广东侨乡,recipient
CSQP-SFHC-TEXT-015,CSQP-SFHC-TEXT-015-PLC-003,潮汕,广东侨乡,广东侨乡,place_mentions
CSQP-SFHC-TEXT-016,CSQP-SFHC-TEXT-016-PLC-001,潮汕,广东侨乡,广东侨乡,title_reference
CSQP-SFHC-TEXT-016,CSQP-SFHC-TEXT-016-PLC-002,潮汕,广东侨乡,广东侨乡,recipient
CSQP-SFHC-TEXT-016,CSQP-SFHC-TEXT-016-PLC-003,潮汕,广东侨乡,广东侨乡,place_mentions
CSQP-SFHC-TEXT-017,CSQP-SFHC-TEXT-017-PLC-001,安南,越南,越南,title_reference
CSQP-SFHC-TEXT-017,CSQP-SFHC-TEXT-017-PLC-002,潮安,广东潮安,广东侨乡,title_reference
CSQP-SFHC-TEXT-017,CSQP-SFHC-TEXT-017-PLC-003,安南,越南,越南,recipient
CSQP-SFHC-TEXT-017,CSQP-SFHC-TEXT-017-PLC-004,潮安,广东潮安,广东侨乡,recipient
CSQP-SFHC-TEXT-017,CSQP-SFHC-TEXT-017-PLC-005,安南,越南,越南,body_clean
CSQP-SFHC-TEXT-017,CSQP-SFHC-TEXT-017-PLC-006,潮安,广东潮安,广东侨乡,body_clean
CSQP-SFHC-TEXT-017,CSQP-SFHC-TEXT-017-PLC-007,安南,越南,越南,place_mentions
CSQP-SFHC-TEXT-017,CSQP-SFHC-TEXT-017-PLC-008,潮安,广东潮安,广东侨乡,place_mentions
CSQP-SFHC-TEXT-018,CSQP-SFHC-TEXT-018-PLC-001,潮汕,广东侨乡,广东侨乡,title_reference
CSQP-SFHC-TEXT-018,CSQP-SFHC-TEXT-018-PLC-002,潮汕,广东侨乡,广东侨乡,recipient
CSQP-SFHC-TEXT-018,CSQP-SFHC-TEXT-018-PLC-003,潮汕,广东侨乡,广东侨乡,place_mentions
CSQP-SFHC-TEXT-019,CSQP-SFHC-TEXT-019-PLC-001,潮汕,广东侨乡,广东侨乡,title_reference
CSQP-SFHC-TEXT-019,CSQP-SFHC-TEXT-019-PLC-002,潮汕,广东侨乡,广东侨乡,recipient
CSQP-SFHC-TEXT-019,CSQP-SFHC-TEXT-019-PLC-003,潮汕,广东侨乡,广东侨乡,place_mentions
CSQP-SFHC-TEXT-020,CSQP-SFHC-TEXT-020-PLC-001,彭亨,马来西亚彭亨,马来西亚,title_reference
CSQP-SFHC-TEXT-020,CSQP-SFHC-TEXT-020-PLC-002,潮安,广东潮安,广东侨乡,title_reference
CSQP-SFHC-TEXT-020,CSQP-SFHC-TEXT-020-PLC-003,东凤,广东潮安东凤,广东侨乡,title_reference
CSQP-SFHC-TEXT-020,CSQP-SFHC-TEXT-020-PLC-004,彭亨,马来西亚彭亨,马来西亚,sender
CSQP-SFHC-TEXT-020,CSQP-SFHC-TEXT-020-PLC-005,潮安,广东潮安,广东侨乡,recipient
CSQP-SFHC-TEXT-020,CSQP-SFHC-TEXT-020-PLC-006,东凤,广东潮安东凤,广东侨乡,recipient
CSQP-SFHC-TEXT-020,CSQP-SFHC-TEXT-020-PLC-007,叻,新加坡,新加坡,body_clean
CSQP-SFHC-TEXT-020,CSQP-SFHC-TEXT-020-PLC-008,彭亨,马来西亚彭亨,马来西亚,place_mentions
CSQP-SFHC-TEXT-020,CSQP-SFHC-TEXT-020-PLC-009,潮安,广东潮安,广东侨乡,place_mentions
CSQP-SFHC-TEXT-020,CSQP-SFHC-TEXT-020-PLC-010,东凤,广东潮安东凤,广东侨乡,place_mentions
CSQP-SFHC-TEXT-020,CSQP-SFHC-TEXT-020-PLC-011,叻,新加坡,新加坡,place_mentions
CSQP-SFHC-TEXT-021,CSQP-SFHC-TEXT-021-PLC-001,潮汕,广东侨乡,广东侨乡,title_reference
CSQP-SFHC-TEXT-021,CSQP-SFHC-TEXT-021-PLC-002,潮汕,广东侨乡,广东侨乡,recipient
CSQP-SFHC-TEXT-021,CSQP-SFHC-TEXT-021-PLC-003,潮汕,广东侨乡,广东侨乡,place_mentions
CSQP-SFHC-TEXT-022,CSQP-SFHC-TEXT-022-PLC-001,饶邑,广东饶平,广东侨乡,title_reference
CSQP-SFHC-TEXT-022,CSQP-SFHC-TEXT-022-PLC-002,饶邑,广东饶平,广东侨乡,recipient
CSQP-SFHC-TEXT-022,CSQP-SFHC-TEXT-022-PLC-003,饶邑,广东饶平,广东侨乡,place_mentions
CSQP-SFHC-TEXT-022,CSQP-SFHC-TEXT-022-PLC-004,暹,泰国,泰国,place_mentions
CSQP-SFHC-TEXT-023,CSQP-SFHC-TEXT-023-PLC-001,暹,泰国,泰国,place_mentions
CSQP-SFHC-TEXT-024,CSQP-SFHC-TEXT-024-PLC-001,汀邑,广东澄海,广东侨乡,recipient
CSQP-SFHC-TEXT-024,CSQP-SFHC-TEXT-024-PLC-002,汀邑,广东澄海,广东侨乡,body_clean
CSQP-SFHC-TEXT-024,CSQP-SFHC-TEXT-024-PLC-003,汀邑,广东澄海,广东侨乡,place_mentions
CSQP-SFHC-TEXT-024,CSQP-SFHC-TEXT-024-PLC-004,暹,泰国,泰国,place_mentions
CSQP-SFHC-TEXT-025,CSQP-SFHC-TEXT-025-PLC-001,潮汕,广东侨乡,广东侨乡,title_reference
CSQP-SFHC-TEXT-025,CSQP-SFHC-TEXT-025-PLC-002,潮汕,广东侨乡,广东侨乡,recipient
CSQP-SFHC-TEXT-025,CSQP-SFHC-TEXT-025-PLC-003,潮汕,广东侨乡,广东侨乡,place_mentions
CSQP-SFHC-TEXT-026,CSQP-SFHC-TEXT-026-PLC-001,潮汕,广东侨乡,广东侨乡,title_reference
CSQP-SFHC-TEXT-026,CSQP-SFHC-TEXT-026-PLC-002,潮汕,广东侨乡,广东侨乡,recipient
CSQP-SFHC-TEXT-026,CSQP-SFHC-TEXT-026-PLC-003,潮汕,广东侨乡,广东侨乡,place_mentions
CSQP-SFHC-TEXT-027,CSQP-SFHC-TEXT-027-PLC-001,澄莲,广东澄海,广东侨乡,title_reference
CSQP-SFHC-TEXT-027,CSQP-SFHC-TEXT-027-PLC-002,澄莲,广东澄海,广东侨乡,recipient
CSQP-SFHC-TEXT-027,CSQP-SFHC-TEXT-027-PLC-003,澄莲,广东澄海,广东侨乡,place_mentions
CSQP-SFHC-TEXT-028,CSQP-SFHC-TEXT-028-PLC-001,潮汕,广东侨乡,广东侨乡,title_reference
CSQP-SFHC-TEXT-028,CSQP-SFHC-TEXT-028-PLC-002,潮汕,广东侨乡,广东侨乡,recipient
CSQP-SFHC-TEXT-028,CSQP-SFHC-TEXT-028-PLC-003,叻,新加坡,新加坡,body_clean
CSQP-SFHC-TEXT-028,CSQP-SFHC-TEXT-028-PLC-004,潮汕,广东侨乡,广东侨乡,place_mentions
CSQP-SFHC-TEXT-028,CSQP-SFHC-TEXT-028-PLC-005,叻,新加坡,新加坡,place_mentions
CSQP-SFHC-TEXT-029,CSQP-SFHC-TEXT-029-PLC-001,澄邑,广东澄海,广东侨乡,title_reference
CSQP-SFHC-TEXT-029,CSQP-SFHC-TEXT-029-PLC-002,澄邑,广东澄海,广东侨乡,recipient
CSQP-SFHC-TEXT-029,CSQP-SFHC-TEXT-029-PLC-003,澄邑,广东澄海,广东侨乡,body_clean
CSQP-SFHC-TEXT-029,CSQP-SFHC-TEXT-029-PLC-004,澄邑,广东澄海,广东侨乡,place_mentions
CSQP-SFHC-TEXT-030,CSQP-SFHC-TEXT-030-PLC-001,澄莲,广东澄海,广东侨乡,title_reference
CSQP-SFHC-TEXT-030,CSQP-SFHC-TEXT-030-PLC-002,澄莲,广东澄海,广东侨乡,recipient
CSQP-SFHC-TEXT-030,CSQP-SFHC-TEXT-030-PLC-003,澄莲,广东澄海,广东侨乡,body_clean
CSQP-SFHC-TEXT-030,CSQP-SFHC-TEXT-030-PLC-004,澄莲,广东澄海,广东侨乡,place_mentions
CSQP-SFHC-TEXT-031,CSQP-SFHC-TEXT-031-PLC-001,潮汕,广东侨乡,广东侨乡,title_reference
CSQP-SFHC-TEXT-031,CSQP-SFHC-TEXT-031-PLC-002,潮汕,广东侨乡,广东侨乡,recipient
CSQP-SFHC-TEXT-031,CSQP-SFHC-TEXT-031-PLC-003,潮汕,广东侨乡,广东侨乡,place_mentions
CSQP-SFHC-TEXT-031,CSQP-SFHC-TEXT-031-PLC-004,暹,泰国,泰国,place_mentions
CSQP-SFHC-TEXT-032,CSQP-SFHC-TEXT-032-PLC-001,潮汕,广东侨乡,广东侨乡,title_reference
CSQP-SFHC-TEXT-032,CSQP-SFHC-TEXT-032-PLC-002,潮汕,广东侨乡,广东侨乡,recipient
CSQP-SFHC-TEXT-032,CSQP-SFHC-TEXT-032-PLC-003,潮汕,广东侨乡,广东侨乡,place_mentions
CSQP-SFHC-TEXT-033,CSQP-SFHC-TEXT-033-PLC-001,潮安,广东潮安,广东侨乡,title_reference
CSQP-SFHC-TEXT-033,CSQP-SFHC-TEXT-033-PLC-002,潮安,广东潮安,广东侨乡,recipient
CSQP-SFHC-TEXT-033,CSQP-SFHC-TEXT-033-PLC-003,潮安,广东潮安,广东侨乡,body_clean
CSQP-SFHC-TEXT-033,CSQP-SFHC-TEXT-033-PLC-004,潮安,广东潮安,广东侨乡,place_mentions
CSQP-SFHC-TEXT-034,CSQP-SFHC-TEXT-034-PLC-001,汀邑,广东澄海,广东侨乡,recipient
CSQP-SFHC-TEXT-034,CSQP-SFHC-TEXT-034-PLC-002,汀邑,广东澄海,广东侨乡,body_clean
CSQP-SFHC-TEXT-034,CSQP-SFHC-TEXT-034-PLC-003,汀邑,广东澄海,广东侨乡,place_mentions
CSQP-SFHC-TEXT-035,CSQP-SFHC-TEXT-035-PLC-001,潮汕,广东侨乡,广东侨乡,title_reference
CSQP-SFHC-TEXT-035,CSQP-SFHC-TEXT-035-PLC-002,潮汕,广东侨乡,广东侨乡,recipient
CSQP-SFHC-TEXT-035,CSQP-SFHC-TEXT-035-PLC-003,潮汕,广东侨乡,广东侨乡,place_mentions
CSQP-SFHC-TEXT-036,CSQP-SFHC-TEXT-036-PLC-001,潮安,广东潮安,广东侨乡,title_reference
CSQP-SFHC-TEXT-036,CSQP-SFHC-TEXT-036-PLC-002,东凤,广东潮安东凤,广东侨乡,title_reference
CSQP-SFHC-TEXT-036,CSQP-SFHC-TEXT-036-PLC-003,潮安,广东潮安,广东侨乡,recipient
CSQP-SFHC-TEXT-036,CSQP-SFHC-TEXT-036-PLC-004,潮安,广东潮安,广东侨乡,body_clean
CSQP-SFHC-TEXT-036,CSQP-SFHC-TEXT-036-PLC-005,潮安,广东潮安,广东侨乡,place_mentions
CSQP-SFHC-TEXT-036,CSQP-SFHC-TEXT-036-PLC-006,东凤,广东潮安东凤,广东侨乡,place_mentions
CSQP-SFHC-TEXT-037,CSQP-SFHC-TEXT-037-PLC-001,潮汕,广东侨乡,广东侨乡,title_reference
CSQP-SFHC-TEXT-037,CSQP-SFHC-TEXT-037-PLC-002,潮汕,广东侨乡,广东侨乡,recipient
CSQP-SFHC-TEXT-037,CSQP-SFHC-TEXT-037-PLC-003,潮汕,广东侨乡,广东侨乡,place_mentions
CSQP-SFHC-TEXT-038,CSQP-SFHC-TEXT-038-PLC-001,潮安,广东潮安,广东侨乡,title_reference
CSQP-SFHC-TEXT-038,CSQP-SFHC-TEXT-038-PLC-002,叻,新加坡,新加坡,sender
CSQP-SFHC-TEXT-038,CSQP-SFHC-TEXT-038-PLC-003,潮安,广东潮安,广东侨乡,recipient
CSQP-SFHC-TEXT-038,CSQP-SFHC-TEXT-038-PLC-004,潮安,广东潮安,广东侨乡,body_clean
CSQP-SFHC-TEXT-038,CSQP-SFHC-TEXT-038-PLC-005,潮安,广东潮安,广东侨乡,place_mentions
CSQP-SFHC-TEXT-038,CSQP-SFHC-TEXT-038-PLC-006,叻,新加坡,新加坡,place_mentions
CSQP-SFHC-TEXT-039,CSQP-SFHC-TEXT-039-PLC-001,潮安,广东潮安,广东侨乡,title_reference
CSQP-SFHC-TEXT-039,CSQP-SFHC-TEXT-039-PLC-002,东凤,广东潮安东凤,广东侨乡,title_reference
CSQP-SFHC-TEXT-039,CSQP-SFHC-TEXT-039-PLC-003,叻,新加坡,新加坡,sender
CSQP-SFHC-TEXT-039,CSQP-SFHC-TEXT-039-PLC-004,潮安,广东潮安,广东侨乡,recipient
CSQP-SFHC-TEXT-039,CSQP-SFHC-TEXT-039-PLC-005,潮安,广东潮安,广东侨乡,body_clean
CSQP-SFHC-TEXT-039,CSQP-SFHC-TEXT-039-PLC-006,潮安,广东潮安,广东侨乡,place_mentions
CSQP-SFHC-TEXT-039,CSQP-SFHC-TEXT-039-PLC-007,东凤,广东潮安东凤,广东侨乡,place_mentions
CSQP-SFHC-TEXT-039,CSQP-SFHC-TEXT-039-PLC-008,叻,新加坡,新加坡,place_mentions
CSQP-SFHC-TEXT-040,CSQP-SFHC-TEXT-040-PLC-001,潮汕,广东侨乡,广东侨乡,title_reference
CSQP-SFHC-TEXT-040,CSQP-SFHC-TEXT-040-PLC-002,潮汕,广东侨乡,广东侨乡,recipient
CSQP-SFHC-TEXT-040,CSQP-SFHC-TEXT-040-PLC-003,潮汕,广东侨乡,广东侨乡,place_mentions
CSQP-SFHC-TEXT-041,CSQP-SFHC-TEXT-041-PLC-001,潮安,广东潮安,广东侨乡,title_reference
CSQP-SFHC-TEXT-041,CSQP-SFHC-TEXT-041-PLC-002,叻,新加坡,新加坡,sender
CSQP-SFHC-TEXT-041,CSQP-SFHC-TEXT-041-PLC-003,潮安,广东潮安,广东侨乡,recipient
CSQP-SFHC-TEXT-041,CSQP-SFHC-TEXT-041-PLC-004,潮安,广东潮安,广东侨乡,body_clean
CSQP-SFHC-TEXT-041,CSQP-SFHC-TEXT-041-PLC-005,潮安,广东潮安,广东侨乡,place_mentions
CSQP-SFHC-TEXT-041,CSQP-SFHC-TEXT-041-PLC-006,叻,新加坡,新加坡,place_mentions
CSQP-SFHC-TEXT-042,CSQP-SFHC-TEXT-042-PLC-001,潮汕,广东侨乡,广东侨乡,title_reference
CSQP-SFHC-TEXT-042,CSQP-SFHC-TEXT-042-PLC-002,潮汕,广东侨乡,广东侨乡,recipient
CSQP-SFHC-TEXT-042,CSQP-SFHC-TEXT-042-PLC-003,潮汕,广东侨乡,广东侨乡,place_mentions
CSQP-SFHC-TEXT-043,CSQP-SFHC-TEXT-043-PLC-001,潮汕,广东侨乡,广东侨乡,title_reference
CSQP-SFHC-TEXT-043,CSQP-SFHC-TEXT-043-PLC-002,潮汕,广东侨乡,广东侨乡,recipient
CSQP-SFHC-TEXT-043,CSQP-SFHC-TEXT-043-PLC-003,潮汕,广东侨乡,广东侨乡,place_mentions
CSQP-SFHC-TEXT-044,CSQP-SFHC-TEXT-044-PLC-001,潮汕,广东侨乡,广东侨乡,title_reference
CSQP-SFHC-TEXT-044,CSQP-SFHC-TEXT-044-PLC-002,潮汕,广东侨乡,广东侨乡,recipient
CSQP-SFHC-TEXT-044,CSQP-SFHC-TEXT-044-PLC-003,潮汕,广东侨乡,广东侨乡,place_mentions
CSQP-SFHC-TEXT-045,CSQP-SFHC-TEXT-045-PLC-001,饶邑,广东饶平,广东侨乡,title_reference
CSQP-SFHC-TEXT-045,CSQP-SFHC-TEXT-045-PLC-002,饶邑,广东饶平,广东侨乡,recipient
CSQP-SFHC-TEXT-045,CSQP-SFHC-TEXT-045-PLC-003,饶邑,广东饶平,广东侨乡,place_mentions
CSQP-SFHC-TEXT-045,CSQP-SFHC-TEXT-045-PLC-004,暹,泰国,泰国,place_mentions
CSQP-SFHC-TEXT-046,CSQP-SFHC-TEXT-046-PLC-001,潮汕,广东侨乡,广东侨乡,title_reference
CSQP-SFHC-TEXT-046,CSQP-SFHC-TEXT-046-PLC-002,潮汕,广东侨乡,广东侨乡,recipient
CSQP-SFHC-TEXT-046,CSQP-SFHC-TEXT-046-PLC-003,潮汕,广东侨乡,广东侨乡,place_mentions
CSQP-SFHC-TEXT-047,CSQP-SFHC-TEXT-047-PLC-001,彭亨,马来西亚彭亨,马来西亚,title_reference
CSQP-SFHC-TEXT-047,CSQP-SFHC-TEXT-047-PLC-002,潮安,广东潮安,广东侨乡,title_reference
CSQP-SFHC-TEXT-047,CSQP-SFHC-TEXT-047-PLC-003,东凤,广东潮安东凤,广东侨乡,title_reference
CSQP-SFHC-TEXT-047,CSQP-SFHC-TEXT-047-PLC-004,彭亨,马来西亚彭亨,马来西亚,sender
CSQP-SFHC-TEXT-047,CSQP-SFHC-TEXT-047-PLC-005,潮安,广东潮安,广东侨乡,recipient
CSQP-SFHC-TEXT-047,CSQP-SFHC-TEXT-047-PLC-006,彭亨,马来西亚彭亨,马来西亚,body_clean
CSQP-SFHC-TEXT-047,CSQP-SFHC-TEXT-047-PLC-007,潮安,广东潮安,广东侨乡,body_clean
CSQP-SFHC-TEXT-047,CSQP-SFHC-TEXT-047-PLC-008,彭亨,马来西亚彭亨,马来西亚,place_mentions
CSQP-SFHC-TEXT-047,CSQP-SFHC-TEXT-047-PLC-009,潮安,广东潮安,广东侨乡,place_mentions
CSQP-SFHC-TEXT-047,CSQP-SFHC-TEXT-047-PLC-010,东凤,广东潮安东凤,广东侨乡,place_mentions
CSQP-SFHC-TEXT-048,CSQP-SFHC-TEXT-048-PLC-001,潮汕,广东侨乡,广东侨乡,title_reference
CSQP-SFHC-TEXT-048,CSQP-SFHC-TEXT-048-PLC-002,潮汕,广东侨乡,广东侨乡,recipient
CSQP-SFHC-TEXT-048,CSQP-SFHC-TEXT-048-PLC-003,潮汕,广东侨乡,广东侨乡,place_mentions
CSQP-SFHC-TEXT-049,CSQP-SFHC-TEXT-049-PLC-001,潮汕,广东侨乡,广东侨乡,title_reference
CSQP-SFHC-TEXT-049,CSQP-SFHC-TEXT-049-PLC-002,潮汕,广东侨乡,广东侨乡,recipient
CSQP-SFHC-TEXT-049,CSQP-SFHC-TEXT-049-PLC-003,潮汕,广东侨乡,广东侨乡,place_mentions
CSQP-SFHC-TEXT-050,CSQP-SFHC-TEXT-050-PLC-001,潮汕,广东侨乡,广东侨乡,title_reference
CSQP-SFHC-TEXT-050,CSQP-SFHC-TEXT-050-PLC-002,潮汕,广东侨乡,广东侨乡,recipient
CSQP-SFHC-TEXT-050,CSQP-SFHC-TEXT-050-PLC-003,潮汕,广东侨乡,广东侨乡,place_mentions
CSQP-SFHC-TEXT-050,CSQP-SFHC-TEXT-050-PLC-004,暹,泰国,泰国,place_mentions
CSQP-SFHC-TEXT-051,CSQP-SFHC-TEXT-051-PLC-001,潮汕,广东侨乡,广东侨乡,title_reference
CSQP-SFHC-TEXT-051,CSQP-SFHC-TEXT-051-PLC-002,潮汕,广东侨乡,广东侨乡,recipient
CSQP-SFHC-TEXT-051,CSQP-SFHC-TEXT-051-PLC-003,潮汕,广东侨乡,广东侨乡,place_mentions
CSQP-SFHC-TEXT-052,CSQP-SFHC-TEXT-052-PLC-001,澄海,广东澄海,广东侨乡,title_reference
CSQP-SFHC-TEXT-052,CSQP-SFHC-TEXT-052-PLC-002,叻,新加坡,新加坡,sender
CSQP-SFHC-TEXT-052,CSQP-SFHC-TEXT-052-PLC-003,澄海,广东澄海,广东侨乡,recipient
CSQP-SFHC-TEXT-052,CSQP-SFHC-TEXT-052-PLC-004,澄海,广东澄海,广东侨乡,body_clean
CSQP-SFHC-TEXT-052,CSQP-SFHC-TEXT-052-PLC-005,叻,新加坡,新加坡,body_clean
CSQP-SFHC-TEXT-052,CSQP-SFHC-TEXT-052-PLC-006,澄海,广东澄海,广东侨乡,place_mentions
CSQP-SFHC-TEXT-052,CSQP-SFHC-TEXT-052-PLC-007,叻,新加坡,新加坡,place_mentions
CSQP-SFHC-TEXT-053,CSQP-SFHC-TEXT-053-PLC-001,潮安,广东潮安,广东侨乡,title_reference
CSQP-SFHC-TEXT-053,CSQP-SFHC-TEXT-053-PLC-002,潮安,广东潮安,广东侨乡,sender
CSQP-SFHC-TEXT-053,CSQP-SFHC-TEXT-053-PLC-003,潮安,广东潮安,广东侨乡,body_clean
CSQP-SFHC-TEXT-053,CSQP-SFHC-TEXT-053-PLC-004,潮安,广东潮安,广东侨乡,place_mentions
CSQP-SFHC-TEXT-054,CSQP-SFHC-TEXT-054-PLC-001,潮汕,广东侨乡,广东侨乡,title_reference
CSQP-SFHC-TEXT-054,CSQP-SFHC-TEXT-054-PLC-002,潮汕,广东侨乡,广东侨乡,recipient
CSQP-SFHC-TEXT-054,CSQP-SFHC-TEXT-054-PLC-003,潮汕,广东侨乡,广东侨乡,place_mentions
CSQP-SFHC-TEXT-055,CSQP-SFHC-TEXT-055-PLC-001,潮汕,广东侨乡,广东侨乡,title_reference
CSQP-SFHC-TEXT-055,CSQP-SFHC-TEXT-055-PLC-002,潮汕,广东侨乡,广东侨乡,recipient
CSQP-SFHC-TEXT-055,CSQP-SFHC-TEXT-055-PLC-003,潮汕,广东侨乡,广东侨乡,place_mentions
CSQP-SFHC-TEXT-056,CSQP-SFHC-TEXT-056-PLC-001,澄邑,广东澄海,广东侨乡,title_reference
CSQP-SFHC-TEXT-056,CSQP-SFHC-TEXT-056-PLC-002,叻,新加坡,新加坡,sender
CSQP-SFHC-TEXT-056,CSQP-SFHC-TEXT-056-PLC-003,澄邑,广东澄海,广东侨乡,recipient
CSQP-SFHC-TEXT-056,CSQP-SFHC-TEXT-056-PLC-004,澄邑,广东澄海,广东侨乡,body_clean
CSQP-SFHC-TEXT-056,CSQP-SFHC-TEXT-056-PLC-005,澄邑,广东澄海,广东侨乡,place_mentions
CSQP-SFHC-TEXT-056,CSQP-SFHC-TEXT-056-PLC-006,叻,新加坡,新加坡,place_mentions
CSQP-SFHC-TEXT-057,CSQP-SFHC-TEXT-057-PLC-001,潮汕,广东侨乡,广东侨乡,title_reference
CSQP-SFHC-TEXT-057,CSQP-SFHC-TEXT-057-PLC-002,潮汕,广东侨乡,广东侨乡,recipient
CSQP-SFHC-TEXT-057,CSQP-SFHC-TEXT-057-PLC-003,潮汕,广东侨乡,广东侨乡,place_mentions
CSQP-SFHC-TEXT-058,CSQP-SFHC-TEXT-058-PLC-001,潮汕,广东侨乡,广东侨乡,title_reference
CSQP-SFHC-TEXT-058,CSQP-SFHC-TEXT-058-PLC-002,潮汕,广东侨乡,广东侨乡,recipient
CSQP-SFHC-TEXT-058,CSQP-SFHC-TEXT-058-PLC-003,潮汕,广东侨乡,广东侨乡,place_mentions
CSQP-SFHC-TEXT-059,CSQP-SFHC-TEXT-059-PLC-001,澄邑,广东澄海,广东侨乡,title_reference
CSQP-SFHC-TEXT-059,CSQP-SFHC-TEXT-059-PLC-002,澄邑,广东澄海,广东侨乡,recipient
CSQP-SFHC-TEXT-059,CSQP-SFHC-TEXT-059-PLC-003,澄邑,广东澄海,广东侨乡,body_clean
CSQP-SFHC-TEXT-059,CSQP-SFHC-TEXT-059-PLC-004,澄邑,广东澄海,广东侨乡,place_mentions
CSQP-SFHC-TEXT-060,CSQP-SFHC-TEXT-060-PLC-001,澄邑,广东澄海,广东侨乡,title_reference
CSQP-SFHC-TEXT-060,CSQP-SFHC-TEXT-060-PLC-002,叻,新加坡,新加坡,sender
CSQP-SFHC-TEXT-060,CSQP-SFHC-TEXT-060-PLC-003,澄邑,广东澄海,广东侨乡,recipient
CSQP-SFHC-TEXT-060,CSQP-SFHC-TEXT-060-PLC-004,澄邑,广东澄海,广东侨乡,body_clean
CSQP-SFHC-TEXT-060,CSQP-SFHC-TEXT-060-PLC-005,汕头,广东汕头,广东侨乡,body_clean
CSQP-SFHC-TEXT-060,CSQP-SFHC-TEXT-060-PLC-006,广东,广东,广东侨乡,body_clean
CSQP-SFHC-TEXT-060,CSQP-SFHC-TEXT-060-PLC-007,澄邑,广东澄海,广东侨乡,place_mentions
CSQP-SFHC-TEXT-060,CSQP-SFHC-TEXT-060-PLC-008,汕头,广东汕头,广东侨乡,place_mentions
CSQP-SFHC-TEXT-060,CSQP-SFHC-TEXT-060-PLC-009,广东,广东,广东侨乡,place_mentions
CSQP-SFHC-TEXT-060,CSQP-SFHC-TEXT-060-PLC-010,叻,新加坡,新加坡,place_mentions
CSQP-SFHC-TEXT-061,CSQP-SFHC-TEXT-061-PLC-001,香港,香港,香港,title_reference
CSQP-SFHC-TEXT-061,CSQP-SFHC-TEXT-061-PLC-002,饶邑,广东饶平,广东侨乡,title_reference
CSQP-SFHC-TEXT-061,CSQP-SFHC-TEXT-061-PLC-003,香港,香港,香港,sender
CSQP-SFHC-TEXT-061,CSQP-SFHC-TEXT-061-PLC-004,饶邑,广东饶平,广东侨乡,recipient
CSQP-SFHC-TEXT-061,CSQP-SFHC-TEXT-061-PLC-005,香港,香港,香港,body_clean
CSQP-SFHC-TEXT-061,CSQP-SFHC-TEXT-061-PLC-006,饶邑,广东饶平,广东侨乡,body_clean
CSQP-SFHC-TEXT-061,CSQP-SFHC-TEXT-061-PLC-007,香港,香港,香港,place_mentions
CSQP-SFHC-TEXT-061,CSQP-SFHC-TEXT-061-PLC-008,饶邑,广东饶平,广东侨乡,place_mentions
CSQP-SFHC-TEXT-062,CSQP-SFHC-TEXT-062-PLC-001,潮汕,广东侨乡,广东侨乡,title_reference
CSQP-SFHC-TEXT-062,CSQP-SFHC-TEXT-062-PLC-002,潮汕,广东侨乡,广东侨乡,recipient
CSQP-SFHC-TEXT-062,CSQP-SFHC-TEXT-062-PLC-003,澄邑,广东澄海,广东侨乡,body_clean
CSQP-SFHC-TEXT-062,CSQP-SFHC-TEXT-062-PLC-004,澄邑,广东澄海,广东侨乡,place_mentions
CSQP-SFHC-TEXT-062,CSQP-SFHC-TEXT-062-PLC-005,潮汕,广东侨乡,广东侨乡,place_mentions
CSQP-SFHC-TEXT-063,CSQP-SFHC-TEXT-063-PLC-001,饶隆,广东饶平,广东侨乡,title_reference
CSQP-SFHC-TEXT-063,CSQP-SFHC-TEXT-063-PLC-002,饶隆,广东饶平,广东侨乡,recipient
CSQP-SFHC-TEXT-063,CSQP-SFHC-TEXT-063-PLC-003,饶隆,广东饶平,广东侨乡,body_clean
CSQP-SFHC-TEXT-063,CSQP-SFHC-TEXT-063-PLC-004,饶隆,广东饶平,广东侨乡,place_mentions
CSQP-SFHC-TEXT-064,CSQP-SFHC-TEXT-064-PLC-001,安南,越南,越南,title_reference
CSQP-SFHC-TEXT-064,CSQP-SFHC-TEXT-064-PLC-002,潮安,广东潮安,广东侨乡,title_reference
CSQP-SFHC-TEXT-064,CSQP-SFHC-TEXT-064-PLC-003,安南,越南,越南,recipient
CSQP-SFHC-TEXT-064,CSQP-SFHC-TEXT-064-PLC-004,潮安,广东潮安,广东侨乡,recipient
CSQP-SFHC-TEXT-064,CSQP-SFHC-TEXT-064-PLC-005,安南,越南,越南,body_clean
CSQP-SFHC-TEXT-064,CSQP-SFHC-TEXT-064-PLC-006,潮安,广东潮安,广东侨乡,body_clean
CSQP-SFHC-TEXT-064,CSQP-SFHC-TEXT-064-PLC-007,安南,越南,越南,place_mentions
CSQP-SFHC-TEXT-064,CSQP-SFHC-TEXT-064-PLC-008,潮安,广东潮安,广东侨乡,place_mentions
CSQP-SFHC-TEXT-065,CSQP-SFHC-TEXT-065-PLC-001,潮汕,广东侨乡,广东侨乡,title_reference
CSQP-SFHC-TEXT-065,CSQP-SFHC-TEXT-065-PLC-002,潮汕,广东侨乡,广东侨乡,recipient
CSQP-SFHC-TEXT-065,CSQP-SFHC-TEXT-065-PLC-003,潮汕,广东侨乡,广东侨乡,place_mentions
CSQP-SFHC-TEXT-066,CSQP-SFHC-TEXT-066-PLC-001,饶邑,广东饶平,广东侨乡,title_reference
CSQP-SFHC-TEXT-066,CSQP-SFHC-TEXT-066-PLC-002,饶邑,广东饶平,广东侨乡,recipient
CSQP-SFHC-TEXT-066,CSQP-SFHC-TEXT-066-PLC-003,饶邑,广东饶平,广东侨乡,body_clean
CSQP-SFHC-TEXT-066,CSQP-SFHC-TEXT-066-PLC-004,饶邑,广东饶平,广东侨乡,place_mentions
CSQP-SFHC-TEXT-067,CSQP-SFHC-TEXT-067-PLC-001,饶隆,广东饶平,广东侨乡,title_reference
CSQP-SFHC-TEXT-067,CSQP-SFHC-TEXT-067-PLC-002,饶隆,广东饶平,广东侨乡,recipient
CSQP-SFHC-TEXT-067,CSQP-SFHC-TEXT-067-PLC-003,饶隆,广东饶平,广东侨乡,body_clean
CSQP-SFHC-TEXT-067,CSQP-SFHC-TEXT-067-PLC-004,饶隆,广东饶平,广东侨乡,place_mentions
CSQP-SFHC-TEXT-068,CSQP-SFHC-TEXT-068-PLC-001,安南,越南,越南,title_reference
CSQP-SFHC-TEXT-068,CSQP-SFHC-TEXT-068-PLC-002,潮安,广东潮安,广东侨乡,title_reference
CSQP-SFHC-TEXT-068,CSQP-SFHC-TEXT-068-PLC-003,安南,越南,越南,recipient
CSQP-SFHC-TEXT-068,CSQP-SFHC-TEXT-068-PLC-004,潮安,广东潮安,广东侨乡,recipient
CSQP-SFHC-TEXT-068,CSQP-SFHC-TEXT-068-PLC-005,安南,越南,越南,body_clean
CSQP-SFHC-TEXT-068,CSQP-SFHC-TEXT-068-PLC-006,潮安,广东潮安,广东侨乡,body_clean
CSQP-SFHC-TEXT-068,CSQP-SFHC-TEXT-068-PLC-007,安南,越南,越南,place_mentions
CSQP-SFHC-TEXT-068,CSQP-SFHC-TEXT-068-PLC-008,潮安,广东潮安,广东侨乡,place_mentions
CSQP-SFHC-TEXT-069,CSQP-SFHC-TEXT-069-PLC-001,潮汕,广东侨乡,广东侨乡,title_reference
CSQP-SFHC-TEXT-069,CSQP-SFHC-TEXT-069-PLC-002,潮汕,广东侨乡,广东侨乡,recipient
CSQP-SFHC-TEXT-069,CSQP-SFHC-TEXT-069-PLC-003,潮汕,广东侨乡,广东侨乡,place_mentions
CSQP-SFHC-TEXT-070,CSQP-SFHC-TEXT-070-PLC-001,潮安,广东潮安,广东侨乡,title_reference
CSQP-SFHC-TEXT-070,CSQP-SFHC-TEXT-070-PLC-002,西洋乡,广东侨乡西洋乡,广东侨乡,title_reference
CSQP-SFHC-TEXT-070,CSQP-SFHC-TEXT-070-PLC-003,叻,新加坡,新加坡,sender
CSQP-SFHC-TEXT-070,CSQP-SFHC-TEXT-070-PLC-004,潮安,广东潮安,广东侨乡,recipient
CSQP-SFHC-TEXT-070,CSQP-SFHC-TEXT-070-PLC-005,西洋乡,广东侨乡西洋乡,广东侨乡,recipient
CSQP-SFHC-TEXT-070,CSQP-SFHC-TEXT-070-PLC-006,潮安,广东潮安,广东侨乡,body_clean
CSQP-SFHC-TEXT-070,CSQP-SFHC-TEXT-070-PLC-007,西洋乡,广东侨乡西洋乡,广东侨乡,body_clean
CSQP-SFHC-TEXT-070,CSQP-SFHC-TEXT-070-PLC-008,潮安,广东潮安,广东侨乡,place_mentions
CSQP-SFHC-TEXT-070,CSQP-SFHC-TEXT-070-PLC-009,西洋乡,广东侨乡西洋乡,广东侨乡,place_mentions
CSQP-SFHC-TEXT-070,CSQP-SFHC-TEXT-070-PLC-010,叻,新加坡,新加坡,place_mentions
CSQP-SFHC-TEXT-071,CSQP-SFHC-TEXT-071-PLC-001,澄邑,广东澄海,广东侨乡,title_reference
CSQP-SFHC-TEXT-071,CSQP-SFHC-TEXT-071-PLC-002,叻,新加坡,新加坡,sender
CSQP-SFHC-TEXT-071,CSQP-SFHC-TEXT-071-PLC-003,澄邑,广东澄海,广东侨乡,recipient
CSQP-SFHC-TEXT-071,CSQP-SFHC-TEXT-071-PLC-004,澄邑,广东澄海,广东侨乡,body_clean
CSQP-SFHC-TEXT-071,CSQP-SFHC-TEXT-071-PLC-005,汕头,广东汕头,广东侨乡,body_clean
CSQP-SFHC-TEXT-071,CSQP-SFHC-TEXT-071-PLC-006,叻,新加坡,新加坡,body_clean
CSQP-SFHC-TEXT-071,CSQP-SFHC-TEXT-071-PLC-007,澄邑,广东澄海,广东侨乡,place_mentions
CSQP-SFHC-TEXT-071,CSQP-SFHC-TEXT-071-PLC-008,汕头,广东汕头,广东侨乡,place_mentions
CSQP-SFHC-TEXT-071,CSQP-SFHC-TEXT-071-PLC-009,叻,新加坡,新加坡,place_mentions
CSQP-SFHC-TEXT-072,CSQP-SFHC-TEXT-072-PLC-001,潮安,广东潮安,广东侨乡,title_reference
CSQP-SFHC-TEXT-072,CSQP-SFHC-TEXT-072-PLC-002,潮安,广东潮安,广东侨乡,recipient
CSQP-SFHC-TEXT-072,CSQP-SFHC-TEXT-072-PLC-003,潮安,广东潮安,广东侨乡,body_clean
CSQP-SFHC-TEXT-072,CSQP-SFHC-TEXT-072-PLC-004,叻,新加坡,新加坡,body_clean
CSQP-SFHC-TEXT-072,CSQP-SFHC-TEXT-072-PLC-005,潮安,广东潮安,广东侨乡,place_mentions
CSQP-SFHC-TEXT-072,CSQP-SFHC-TEXT-072-PLC-006,叻,新加坡,新加坡,place_mentions
CSQP-SFHC-TEXT-073,CSQP-SFHC-TEXT-073-PLC-001,潮安,广东潮安,广东侨乡,title_reference
CSQP-SFHC-TEXT-073,CSQP-SFHC-TEXT-073-PLC-002,潮安,广东潮安,广东侨乡,recipient
CSQP-SFHC-TEXT-073,CSQP-SFHC-TEXT-073-PLC-003,潮安,广东潮安,广东侨乡,body_clean
CSQP-SFHC-TEXT-073,CSQP-SFHC-TEXT-073-PLC-004,潮安,广东潮安,广东侨乡,place_mentions
CSQP-SFHC-TEXT-074,CSQP-SFHC-TEXT-074-PLC-001,汀邑,广东澄海,广东侨乡,recipient
CSQP-SFHC-TEXT-074,CSQP-SFHC-TEXT-074-PLC-002,汀邑,广东澄海,广东侨乡,body_clean
CSQP-SFHC-TEXT-074,CSQP-SFHC-TEXT-074-PLC-003,汀邑,广东澄海,广东侨乡,place_mentions
CSQP-SFHC-TEXT-075,CSQP-SFHC-TEXT-075-PLC-001,澄邑,广东澄海,广东侨乡,title_reference
CSQP-SFHC-TEXT-075,CSQP-SFHC-TEXT-075-PLC-002,澄邑,广东澄海,广东侨乡,recipient
CSQP-SFHC-TEXT-075,CSQP-SFHC-TEXT-075-PLC-003,澄邑,广东澄海,广东侨乡,place_mentions
CSQP-SFHC-TEXT-076,CSQP-SFHC-TEXT-076-PLC-001,泰国,泰国,泰国,title_reference
CSQP-SFHC-TEXT-076,CSQP-SFHC-TEXT-076-PLC-002,澄邑,广东澄海,广东侨乡,title_reference
CSQP-SFHC-TEXT-076,CSQP-SFHC-TEXT-076-PLC-003,泰国,泰国,泰国,sender
CSQP-SFHC-TEXT-076,CSQP-SFHC-TEXT-076-PLC-004,澄邑,广东澄海,广东侨乡,recipient
CSQP-SFHC-TEXT-076,CSQP-SFHC-TEXT-076-PLC-005,泰国,泰国,泰国,place_mentions
CSQP-SFHC-TEXT-076,CSQP-SFHC-TEXT-076-PLC-006,澄邑,广东澄海,广东侨乡,place_mentions
CSQP-SFHC-TEXT-076,CSQP-SFHC-TEXT-076-PLC-007,暹,泰国,泰国,place_mentions
CSQP-SFHC-TEXT-077,CSQP-SFHC-TEXT-077-PLC-001,潮安,广东潮安,广东侨乡,title_reference
CSQP-SFHC-TEXT-077,CSQP-SFHC-TEXT-077-PLC-002,潮安,广东潮安,广东侨乡,sender
CSQP-SFHC-TEXT-077,CSQP-SFHC-TEXT-077-PLC-003,潮安,广东潮安,广东侨乡,body_clean
CSQP-SFHC-TEXT-077,CSQP-SFHC-TEXT-077-PLC-004,潮安,广东潮安,广东侨乡,place_mentions
CSQP-SFHC-TEXT-078,CSQP-SFHC-TEXT-078-PLC-001,澄邑,广东澄海,广东侨乡,title_reference
CSQP-SFHC-TEXT-078,CSQP-SFHC-TEXT-078-PLC-002,澄邑,广东澄海,广东侨乡,recipient
CSQP-SFHC-TEXT-078,CSQP-SFHC-TEXT-078-PLC-003,澄邑,广东澄海,广东侨乡,body_clean
CSQP-SFHC-TEXT-078,CSQP-SFHC-TEXT-078-PLC-004,澄邑,广东澄海,广东侨乡,place_mentions
CSQP-SFHC-TEXT-079,CSQP-SFHC-TEXT-079-PLC-001,潮安,广东潮安,广东侨乡,title_reference
CSQP-SFHC-TEXT-079,CSQP-SFHC-TEXT-079-PLC-002,东凤,广东潮安东凤,广东侨乡,title_reference
CSQP-SFHC-TEXT-079,CSQP-SFHC-TEXT-079-PLC-003,叻,新加坡,新加坡,sender
CSQP-SFHC-TEXT-079,CSQP-SFHC-TEXT-079-PLC-004,潮安,广东潮安,广东侨乡,recipient
CSQP-SFHC-TEXT-079,CSQP-SFHC-TEXT-079-PLC-005,香港,香港,香港,body_clean
CSQP-SFHC-TEXT-079,CSQP-SFHC-TEXT-079-PLC-006,潮安,广东潮安,广东侨乡,body_clean
CSQP-SFHC-TEXT-079,CSQP-SFHC-TEXT-079-PLC-007,叻,新加坡,新加坡,body_clean
CSQP-SFHC-TEXT-079,CSQP-SFHC-TEXT-079-PLC-008,香港,香港,香港,place_mentions
CSQP-SFHC-TEXT-079,CSQP-SFHC-TEXT-079-PLC-009,潮安,广东潮安,广东侨乡,place_mentions
CSQP-SFHC-TEXT-079,CSQP-SFHC-TEXT-079-PLC-010,东凤,广东潮安东凤,广东侨乡,place_mentions
CSQP-SFHC-TEXT-079,CSQP-SFHC-TEXT-079-PLC-011,叻,新加坡,新加坡,place_mentions
CSQP-SFHC-TEXT-080,CSQP-SFHC-TEXT-080-PLC-001,潮安,广东潮安,广东侨乡,title_reference
CSQP-SFHC-TEXT-080,CSQP-SFHC-TEXT-080-PLC-002,叻,新加坡,新加坡,sender
CSQP-SFHC-TEXT-080,CSQP-SFHC-TEXT-080-PLC-003,潮安,广东潮安,广东侨乡,recipient
CSQP-SFHC-TEXT-080,CSQP-SFHC-TEXT-080-PLC-004,潮安,广东潮安,广东侨乡,body_clean
CSQP-SFHC-TEXT-080,CSQP-SFHC-TEXT-080-PLC-005,潮安,广东潮安,广东侨乡,place_mentions
CSQP-SFHC-TEXT-080,CSQP-SFHC-TEXT-080-PLC-006,叻,新加坡,新加坡,place_mentions
CSQP-SFHC-TEXT-081,CSQP-SFHC-TEXT-081-PLC-001,潮汕,广东侨乡,广东侨乡,title_reference
CSQP-SFHC-TEXT-081,CSQP-SFHC-TEXT-081-PLC-002,潮汕,广东侨乡,广东侨乡,recipient
CSQP-SFHC-TEXT-081,CSQP-SFHC-TEXT-081-PLC-003,潮汕,广东侨乡,广东侨乡,place_mentions
CSQP-SFHC-TEXT-082,CSQP-SFHC-TEXT-082-PLC-001,潮安,广东潮安,广东侨乡,title_reference
CSQP-SFHC-TEXT-082,CSQP-SFHC-TEXT-082-PLC-002,东凤,广东潮安东凤,广东侨乡,title_reference
CSQP-SFHC-TEXT-082,CSQP-SFHC-TEXT-082-PLC-003,叻,新加坡,新加坡,sender
CSQP-SFHC-TEXT-082,CSQP-SFHC-TEXT-082-PLC-004,潮安,广东潮安,广东侨乡,recipient
CSQP-SFHC-TEXT-082,CSQP-SFHC-TEXT-082-PLC-005,东凤,广东潮安东凤,广东侨乡,recipient
CSQP-SFHC-TEXT-082,CSQP-SFHC-TEXT-082-PLC-006,潮安,广东潮安,广东侨乡,body_clean
CSQP-SFHC-TEXT-082,CSQP-SFHC-TEXT-082-PLC-007,东凤,广东潮安东凤,广东侨乡,body_clean
CSQP-SFHC-TEXT-082,CSQP-SFHC-TEXT-082-PLC-008,潮安,广东潮安,广东侨乡,place_mentions
CSQP-SFHC-TEXT-082,CSQP-SFHC-TEXT-082-PLC-009,东凤,广东潮安东凤,广东侨乡,place_mentions
CSQP-SFHC-TEXT-082,CSQP-SFHC-TEXT-082-PLC-010,叻,新加坡,新加坡,place_mentions
CSQP-SFHC-TEXT-083,CSQP-SFHC-TEXT-083-PLC-001,饶邑,广东饶平,广东侨乡,title_reference
CSQP-SFHC-TEXT-083,CSQP-SFHC-TEXT-083-PLC-002,叻,新加坡,新加坡,sender
CSQP-SFHC-TEXT-083,CSQP-SFHC-TEXT-083-PLC-003,饶邑,广东饶平,广东侨乡,recipient
CSQP-SFHC-TEXT-083,CSQP-SFHC-TEXT-083-PLC-004,暹罗,泰国,泰国,body_clean
CSQP-SFHC-TEXT-083,CSQP-SFHC-TEXT-083-PLC-005,安南,越南,越南,body_clean
CSQP-SFHC-TEXT-083,CSQP-SFHC-TEXT-083-PLC-006,槟城,马来西亚槟城,马来西亚,body_clean
CSQP-SFHC-TEXT-083,CSQP-SFHC-TEXT-083-PLC-007,仰光,缅甸仰光,缅甸,body_clean
CSQP-SFHC-TEXT-083,CSQP-SFHC-TEXT-083-PLC-008,饶邑,广东饶平,广东侨乡,body_clean
CSQP-SFHC-TEXT-083,CSQP-SFHC-TEXT-083-PLC-009,暹罗,泰国,泰国,place_mentions
CSQP-SFHC-TEXT-083,CSQP-SFHC-TEXT-083-PLC-010,安南,越南,越南,place_mentions
CSQP-SFHC-TEXT-083,CSQP-SFHC-TEXT-083-PLC-011,槟城,马来西亚槟城,马来西亚,place_mentions
CSQP-SFHC-TEXT-083,CSQP-SFHC-TEXT-083-PLC-012,仰光,缅甸仰光,缅甸,place_mentions
CSQP-SFHC-TEXT-083,CSQP-SFHC-TEXT-083-PLC-013,饶邑,广东饶平,广东侨乡,place_mentions
CSQP-SFHC-TEXT-083,CSQP-SFHC-TEXT-083-PLC-014,叻,新加坡,新加坡,place_mentions
CSQP-SFHC-TEXT-083,CSQP-SFHC-TEXT-083-PLC-015,暹,泰国,泰国,place_mentions
CSQP-SFHC-TEXT-084,CSQP-SFHC-TEXT-084-PLC-001,潮汕,广东侨乡,广东侨乡,title_reference
CSQP-SFHC-TEXT-084,CSQP-SFHC-TEXT-084-PLC-002,潮汕,广东侨乡,广东侨乡,recipient
CSQP-SFHC-TEXT-084,CSQP-SFHC-TEXT-084-PLC-003,潮汕,广东侨乡,广东侨乡,place_mentions
CSQP-SFHC-TEXT-085,CSQP-SFHC-TEXT-085-PLC-001,安南,越南,越南,title_reference
CSQP-SFHC-TEXT-085,CSQP-SFHC-TEXT-085-PLC-002,潮安,广东潮安,广东侨乡,title_reference
CSQP-SFHC-TEXT-085,CSQP-SFHC-TEXT-085-PLC-003,叻,新加坡,新加坡,sender
CSQP-SFHC-TEXT-085,CSQP-SFHC-TEXT-085-PLC-004,安南,越南,越南,recipient
CSQP-SFHC-TEXT-085,CSQP-SFHC-TEXT-085-PLC-005,潮安,广东潮安,广东侨乡,recipient
CSQP-SFHC-TEXT-085,CSQP-SFHC-TEXT-085-PLC-006,安南,越南,越南,body_clean
CSQP-SFHC-TEXT-085,CSQP-SFHC-TEXT-085-PLC-007,潮安,广东潮安,广东侨乡,body_clean
CSQP-SFHC-TEXT-085,CSQP-SFHC-TEXT-085-PLC-008,安南,越南,越南,place_mentions
CSQP-SFHC-TEXT-085,CSQP-SFHC-TEXT-085-PLC-009,潮安,广东潮安,广东侨乡,place_mentions
CSQP-SFHC-TEXT-085,CSQP-SFHC-TEXT-085-PLC-010,叻,新加坡,新加坡,place_mentions
CSQP-SFHC-TEXT-086,CSQP-SFHC-TEXT-086-PLC-001,饶邑,广东饶平,广东侨乡,title_reference
CSQP-SFHC-TEXT-086,CSQP-SFHC-TEXT-086-PLC-002,叻,新加坡,新加坡,sender
CSQP-SFHC-TEXT-086,CSQP-SFHC-TEXT-086-PLC-003,饶邑,广东饶平,广东侨乡,recipient
CSQP-SFHC-TEXT-086,CSQP-SFHC-TEXT-086-PLC-004,仰光,缅甸仰光,缅甸,body_clean
CSQP-SFHC-TEXT-086,CSQP-SFHC-TEXT-086-PLC-005,饶邑,广东饶平,广东侨乡,body_clean
CSQP-SFHC-TEXT-086,CSQP-SFHC-TEXT-086-PLC-006,叻,新加坡,新加坡,body_clean
CSQP-SFHC-TEXT-086,CSQP-SFHC-TEXT-086-PLC-007,仰光,缅甸仰光,缅甸,place_mentions
CSQP-SFHC-TEXT-086,CSQP-SFHC-TEXT-086-PLC-008,饶邑,广东饶平,广东侨乡,place_mentions
CSQP-SFHC-TEXT-086,CSQP-SFHC-TEXT-086-PLC-009,叻,新加坡,新加坡,place_mentions
CSQP-SFHC-TEXT-087,CSQP-SFHC-TEXT-087-PLC-001,安南,越南,越南,title_reference
CSQP-SFHC-TEXT-087,CSQP-SFHC-TEXT-087-PLC-002,潮安,广东潮安,广东侨乡,title_reference
CSQP-SFHC-TEXT-087,CSQP-SFHC-TEXT-087-PLC-003,叻,新加坡,新加坡,sender
CSQP-SFHC-TEXT-087,CSQP-SFHC-TEXT-087-PLC-004,安南,越南,越南,recipient
CSQP-SFHC-TEXT-087,CSQP-SFHC-TEXT-087-PLC-005,潮安,广东潮安,广东侨乡,recipient
CSQP-SFHC-TEXT-087,CSQP-SFHC-TEXT-087-PLC-006,安南,越南,越南,body_clean
CSQP-SFHC-TEXT-087,CSQP-SFHC-TEXT-087-PLC-007,潮安,广东潮安,广东侨乡,body_clean
CSQP-SFHC-TEXT-087,CSQP-SFHC-TEXT-087-PLC-008,安南,越南,越南,place_mentions
CSQP-SFHC-TEXT-087,CSQP-SFHC-TEXT-087-PLC-009,潮安,广东潮安,广东侨乡,place_mentions
CSQP-SFHC-TEXT-087,CSQP-SFHC-TEXT-087-PLC-010,叻,新加坡,新加坡,place_mentions
CSQP-SFHC-TEXT-088,CSQP-SFHC-TEXT-088-PLC-001,潮安,广东潮安,广东侨乡,title_reference
CSQP-SFHC-TEXT-088,CSQP-SFHC-TEXT-088-PLC-002,潮安,广东潮安,广东侨乡,recipient
CSQP-SFHC-TEXT-088,CSQP-SFHC-TEXT-088-PLC-003,潮安,广东潮安,广东侨乡,body_clean
CSQP-SFHC-TEXT-088,CSQP-SFHC-TEXT-088-PLC-004,潮安,广东潮安,广东侨乡,place_mentions
CSQP-SFHC-TEXT-089,CSQP-SFHC-TEXT-089-PLC-001,潮安,广东潮安,广东侨乡,title_reference
CSQP-SFHC-TEXT-089,CSQP-SFHC-TEXT-089-PLC-002,潮安,广东潮安,广东侨乡,recipient
CSQP-SFHC-TEXT-089,CSQP-SFHC-TEXT-089-PLC-003,潮安,广东潮安,广东侨乡,place_mentions
CSQP-SFHC-TEXT-090,CSQP-SFHC-TEXT-090-PLC-001,潮安,广东潮安,广东侨乡,title_reference
CSQP-SFHC-TEXT-090,CSQP-SFHC-TEXT-090-PLC-002,叻,新加坡,新加坡,sender
CSQP-SFHC-TEXT-090,CSQP-SFHC-TEXT-090-PLC-003,潮安,广东潮安,广东侨乡,recipient
CSQP-SFHC-TEXT-090,CSQP-SFHC-TEXT-090-PLC-004,潮安,广东潮安,广东侨乡,body_clean
CSQP-SFHC-TEXT-090,CSQP-SFHC-TEXT-090-PLC-005,潮安,广东潮安,广东侨乡,place_mentions
CSQP-SFHC-TEXT-090,CSQP-SFHC-TEXT-090-PLC-006,叻,新加坡,新加坡,place_mentions
CSQP-SFHC-TEXT-091,CSQP-SFHC-TEXT-091-PLC-001,槟城,马来西亚槟城,马来西亚,title_reference
CSQP-SFHC-TEXT-091,CSQP-SFHC-TEXT-091-PLC-002,饶邑,广东饶平,广东侨乡,title_reference
CSQP-SFHC-TEXT-091,CSQP-SFHC-TEXT-091-PLC-003,槟城,马来西亚槟城,马来西亚,sender
CSQP-SFHC-TEXT-091,CSQP-SFHC-TEXT-091-PLC-004,饶邑,广东饶平,广东侨乡,recipient
CSQP-SFHC-TEXT-091,CSQP-SFHC-TEXT-091-PLC-005,槟城,马来西亚槟城,马来西亚,body_clean
CSQP-SFHC-TEXT-091,CSQP-SFHC-TEXT-091-PLC-006,饶邑,广东饶平,广东侨乡,body_clean
CSQP-SFHC-TEXT-091,CSQP-SFHC-TEXT-091-PLC-007,槟城,马来西亚槟城,马来西亚,place_mentions
CSQP-SFHC-TEXT-091,CSQP-SFHC-TEXT-091-PLC-008,饶邑,广东饶平,广东侨乡,place_mentions
CSQP-SFHC-TEXT-092,CSQP-SFHC-TEXT-092-PLC-001,潮汕,广东侨乡,广东侨乡,title_reference
CSQP-SFHC-TEXT-092,CSQP-SFHC-TEXT-092-PLC-002,潮汕,广东侨乡,广东侨乡,recipient
CSQP-SFHC-TEXT-092,CSQP-SFHC-TEXT-092-PLC-003,潮汕,广东侨乡,广东侨乡,place_mentions
CSQP-SFHC-TEXT-093,CSQP-SFHC-TEXT-093-PLC-001,潮汕,广东侨乡,广东侨乡,title_reference
CSQP-SFHC-TEXT-093,CSQP-SFHC-TEXT-093-PLC-002,潮汕,广东侨乡,广东侨乡,recipient
CSQP-SFHC-TEXT-093,CSQP-SFHC-TEXT-093-PLC-003,潮汕,广东侨乡,广东侨乡,place_mentions
CSQP-SFHC-TEXT-094,CSQP-SFHC-TEXT-094-PLC-001,潮汕,广东侨乡,广东侨乡,title_reference
CSQP-SFHC-TEXT-094,CSQP-SFHC-TEXT-094-PLC-002,潮汕,广东侨乡,广东侨乡,recipient
CSQP-SFHC-TEXT-094,CSQP-SFHC-TEXT-094-PLC-003,潮汕,广东侨乡,广东侨乡,place_mentions
CSQP-SFHC-TEXT-095,CSQP-SFHC-TEXT-095-PLC-001,潮汕,广东侨乡,广东侨乡,title_reference
CSQP-SFHC-TEXT-095,CSQP-SFHC-TEXT-095-PLC-002,潮汕,广东侨乡,广东侨乡,recipient
CSQP-SFHC-TEXT-095,CSQP-SFHC-TEXT-095-PLC-003,潮汕,广东侨乡,广东侨乡,place_mentions
CSQP-SFHC-TEXT-096,CSQP-SFHC-TEXT-096-PLC-001,潮汕,广东侨乡,广东侨乡,title_reference
CSQP-SFHC-TEXT-096,CSQP-SFHC-TEXT-096-PLC-002,潮汕,广东侨乡,广东侨乡,recipient
CSQP-SFHC-TEXT-096,CSQP-SFHC-TEXT-096-PLC-003,潮汕,广东侨乡,广东侨乡,place_mentions
CSQP-SFHC-TEXT-097,CSQP-SFHC-TEXT-097-PLC-001,澄邑,广东澄海,广东侨乡,title_reference
CSQP-SFHC-TEXT-097,CSQP-SFHC-TEXT-097-PLC-002,澄邑,广东澄海,广东侨乡,recipient
CSQP-SFHC-TEXT-097,CSQP-SFHC-TEXT-097-PLC-003,澄邑,广东澄海,广东侨乡,body_clean
CSQP-SFHC-TEXT-097,CSQP-SFHC-TEXT-097-PLC-004,澄邑,广东澄海,广东侨乡,place_mentions
CSQP-SFHC-TEXT-097,CSQP-SFHC-TEXT-097-PLC-005,暹,泰国,泰国,place_mentions
CSQP-SFHC-TEXT-098,CSQP-SFHC-TEXT-098-PLC-001,潮汕,广东侨乡,广东侨乡,title_reference
CSQP-SFHC-TEXT-098,CSQP-SFHC-TEXT-098-PLC-002,潮汕,广东侨乡,广东侨乡,recipient
CSQP-SFHC-TEXT-098,CSQP-SFHC-TEXT-098-PLC-003,新嘉坡,新加坡,新加坡,body_clean
CSQP-SFHC-TEXT-098,CSQP-SFHC-TEXT-098-PLC-004,新嘉坡,新加坡,新加坡,place_mentions
CSQP-SFHC-TEXT-098,CSQP-SFHC-TEXT-098-PLC-005,潮汕,广东侨乡,广东侨乡,place_mentions
CSQP-SFHC-TEXT-099,CSQP-SFHC-TEXT-099-PLC-001,潮汕,广东侨乡,广东侨乡,title_reference
CSQP-SFHC-TEXT-099,CSQP-SFHC-TEXT-099-PLC-002,潮汕,广东侨乡,广东侨乡,recipient
CSQP-SFHC-TEXT-099,CSQP-SFHC-TEXT-099-PLC-003,新加坡,新加坡,新加坡,body_clean
CSQP-SFHC-TEXT-099,CSQP-SFHC-TEXT-099-PLC-004,新加坡,新加坡,新加坡,place_mentions
CSQP-SFHC-TEXT-099,CSQP-SFHC-TEXT-099-PLC-005,潮汕,广东侨乡,广东侨乡,place_mentions
CSQP-SFHC-TEXT-100,CSQP-SFHC-TEXT-100-PLC-001,潮安,广东潮安,广东侨乡,title_reference
CSQP-SFHC-TEXT-100,CSQP-SFHC-TEXT-100-PLC-002,叻,新加坡,新加坡,sender
CSQP-SFHC-TEXT-100,CSQP-SFHC-TEXT-100-PLC-003,潮安,广东潮安,广东侨乡,recipient
CSQP-SFHC-TEXT-100,CSQP-SFHC-TEXT-100-PLC-004,潮安,广东潮安,广东侨乡,body_clean
CSQP-SFHC-TEXT-100,CSQP-SFHC-TEXT-100-PLC-005,潮安,广东潮安,广东侨乡,place_mentions
CSQP-SFHC-TEXT-100,CSQP-SFHC-TEXT-100-PLC-006,叻,新加坡,新加坡,place_mentions
CSQP-SFHC-TEXT-101,CSQP-SFHC-TEXT-101-PLC-001,潮汕,广东侨乡,广东侨乡,title_reference
CSQP-SFHC-TEXT-101,CSQP-SFHC-TEXT-101-PLC-002,潮汕,广东侨乡,广东侨乡,recipient
CSQP-SFHC-TEXT-101,CSQP-SFHC-TEXT-101-PLC-003,日本,日本,日本,body_clean
CSQP-SFHC-TEXT-101,CSQP-SFHC-TEXT-101-PLC-004,日本,日本,日本,place_mentions
CSQP-SFHC-TEXT-101,CSQP-SFHC-TEXT-101-PLC-005,潮汕,广东侨乡,广东侨乡,place_mentions
CSQP-SFHC-TEXT-102,CSQP-SFHC-TEXT-102-PLC-001,潮安,广东潮安,广东侨乡,title_reference
CSQP-SFHC-TEXT-102,CSQP-SFHC-TEXT-102-PLC-002,叻,新加坡,新加坡,sender
CSQP-SFHC-TEXT-102,CSQP-SFHC-TEXT-102-PLC-003,潮安,广东潮安,广东侨乡,recipient
CSQP-SFHC-TEXT-102,CSQP-SFHC-TEXT-102-PLC-004,潮安,广东潮安,广东侨乡,body_clean
CSQP-SFHC-TEXT-102,CSQP-SFHC-TEXT-102-PLC-005,潮安,广东潮安,广东侨乡,place_mentions
CSQP-SFHC-TEXT-102,CSQP-SFHC-TEXT-102-PLC-006,叻,新加坡,新加坡,place_mentions
CSQP-SFHC-TEXT-103,CSQP-SFHC-TEXT-103-PLC-001,新加坡,新加坡,新加坡,title_reference
CSQP-SFHC-TEXT-103,CSQP-SFHC-TEXT-103-PLC-002,饶邑,广东饶平,广东侨乡,title_reference
CSQP-SFHC-TEXT-103,CSQP-SFHC-TEXT-103-PLC-003,新加坡,新加坡,新加坡,sender
CSQP-SFHC-TEXT-103,CSQP-SFHC-TEXT-103-PLC-004,饶邑,广东饶平,广东侨乡,recipient
CSQP-SFHC-TEXT-103,CSQP-SFHC-TEXT-103-PLC-005,新加坡,新加坡,新加坡,body_clean
CSQP-SFHC-TEXT-103,CSQP-SFHC-TEXT-103-PLC-006,饶邑,广东饶平,广东侨乡,body_clean
CSQP-SFHC-TEXT-103,CSQP-SFHC-TEXT-103-PLC-007,新加坡,新加坡,新加坡,place_mentions
CSQP-SFHC-TEXT-103,CSQP-SFHC-TEXT-103-PLC-008,饶邑,广东饶平,广东侨乡,place_mentions
CSQP-SFHC-TEXT-104,CSQP-SFHC-TEXT-104-PLC-001,潮安,广东潮安,广东侨乡,title_reference
CSQP-SFHC-TEXT-104,CSQP-SFHC-TEXT-104-PLC-002,叻,新加坡,新加坡,sender
CSQP-SFHC-TEXT-104,CSQP-SFHC-TEXT-104-PLC-003,潮安,广东潮安,广东侨乡,recipient
CSQP-SFHC-TEXT-104,CSQP-SFHC-TEXT-104-PLC-004,潮安,广东潮安,广东侨乡,body_clean
CSQP-SFHC-TEXT-104,CSQP-SFHC-TEXT-104-PLC-005,潮安,广东潮安,广东侨乡,place_mentions
CSQP-SFHC-TEXT-104,CSQP-SFHC-TEXT-104-PLC-006,叻,新加坡,新加坡,place_mentions
CSQP-SFHC-TEXT-105,CSQP-SFHC-TEXT-105-PLC-001,新加坡,新加坡,新加坡,title_reference
CSQP-SFHC-TEXT-105,CSQP-SFHC-TEXT-105-PLC-002,饶邑,广东饶平,广东侨乡,title_reference
CSQP-SFHC-TEXT-105,CSQP-SFHC-TEXT-105-PLC-003,新加坡,新加坡,新加坡,sender
CSQP-SFHC-TEXT-105,CSQP-SFHC-TEXT-105-PLC-004,饶邑,广东饶平,广东侨乡,recipient
CSQP-SFHC-TEXT-105,CSQP-SFHC-TEXT-105-PLC-005,新加坡,新加坡,新加坡,body_clean
CSQP-SFHC-TEXT-105,CSQP-SFHC-TEXT-105-PLC-006,饶邑,广东饶平,广东侨乡,body_clean
CSQP-SFHC-TEXT-105,CSQP-SFHC-TEXT-105-PLC-007,叻,新加坡,新加坡,body_clean
CSQP-SFHC-TEXT-105,CSQP-SFHC-TEXT-105-PLC-008,新加坡,新加坡,新加坡,place_mentions
CSQP-SFHC-TEXT-105,CSQP-SFHC-TEXT-105-PLC-009,饶邑,广东饶平,广东侨乡,place_mentions
CSQP-SFHC-TEXT-105,CSQP-SFHC-TEXT-105-PLC-010,叻,新加坡,新加坡,place_mentions
CSQP-SFHC-TEXT-106,CSQP-SFHC-TEXT-106-PLC-001,潮汕,广东侨乡,广东侨乡,title_reference
CSQP-SFHC-TEXT-106,CSQP-SFHC-TEXT-106-PLC-002,潮汕,广东侨乡,广东侨乡,recipient
CSQP-SFHC-TEXT-106,CSQP-SFHC-TEXT-106-PLC-003,潮汕,广东侨乡,广东侨乡,place_mentions
CSQP-SFHC-TEXT-107,CSQP-SFHC-TEXT-107-PLC-001,安南,越南,越南,title_reference
CSQP-SFHC-TEXT-107,CSQP-SFHC-TEXT-107-PLC-002,潮安,广东潮安,广东侨乡,title_reference
CSQP-SFHC-TEXT-107,CSQP-SFHC-TEXT-107-PLC-003,安南,越南,越南,recipient
CSQP-SFHC-TEXT-107,CSQP-SFHC-TEXT-107-PLC-004,潮安,广东潮安,广东侨乡,recipient
CSQP-SFHC-TEXT-107,CSQP-SFHC-TEXT-107-PLC-005,安南,越南,越南,body_clean
CSQP-SFHC-TEXT-107,CSQP-SFHC-TEXT-107-PLC-006,潮安,广东潮安,广东侨乡,body_clean
CSQP-SFHC-TEXT-107,CSQP-SFHC-TEXT-107-PLC-007,安南,越南,越南,place_mentions
CSQP-SFHC-TEXT-107,CSQP-SFHC-TEXT-107-PLC-008,潮安,广东潮安,广东侨乡,place_mentions
CSQP-SFHC-TEXT-107,CSQP-SFHC-TEXT-107-PLC-009,暹,泰国,泰国,place_mentions
CSQP-SFHC-TEXT-108,CSQP-SFHC-TEXT-108-PLC-001,安南,越南,越南,title_reference
CSQP-SFHC-TEXT-108,CSQP-SFHC-TEXT-108-PLC-002,潮安,广东潮安,广东侨乡,title_reference
CSQP-SFHC-TEXT-108,CSQP-SFHC-TEXT-108-PLC-003,叻,新加坡,新加坡,sender
CSQP-SFHC-TEXT-108,CSQP-SFHC-TEXT-108-PLC-004,安南,越南,越南,recipient
CSQP-SFHC-TEXT-108,CSQP-SFHC-TEXT-108-PLC-005,潮安,广东潮安,广东侨乡,recipient
CSQP-SFHC-TEXT-108,CSQP-SFHC-TEXT-108-PLC-006,安南,越南,越南,body_clean
CSQP-SFHC-TEXT-108,CSQP-SFHC-TEXT-108-PLC-007,潮安,广东潮安,广东侨乡,body_clean
CSQP-SFHC-TEXT-108,CSQP-SFHC-TEXT-108-PLC-008,安南,越南,越南,place_mentions
CSQP-SFHC-TEXT-108,CSQP-SFHC-TEXT-108-PLC-009,潮安,广东潮安,广东侨乡,place_mentions
CSQP-SFHC-TEXT-108,CSQP-SFHC-TEXT-108-PLC-010,叻,新加坡,新加坡,place_mentions
CSQP-SFHC-TEXT-109,CSQP-SFHC-TEXT-109-PLC-001,潮汕,广东侨乡,广东侨乡,title_reference
CSQP-SFHC-TEXT-109,CSQP-SFHC-TEXT-109-PLC-002,潮汕,广东侨乡,广东侨乡,recipient
CSQP-SFHC-TEXT-109,CSQP-SFHC-TEXT-109-PLC-003,叻,新加坡,新加坡,body_clean
CSQP-SFHC-TEXT-109,CSQP-SFHC-TEXT-109-PLC-004,潮汕,广东侨乡,广东侨乡,place_mentions
CSQP-SFHC-TEXT-109,CSQP-SFHC-TEXT-109-PLC-005,叻,新加坡,新加坡,place_mentions
CSQP-SFHC-TEXT-109,CSQP-SFHC-TEXT-109-PLC-006,暹,泰国,泰国,place_mentions
CSQP-SFHC-TEXT-110,CSQP-SFHC-TEXT-110-PLC-001,潮安,广东潮安,广东侨乡,title_reference
CSQP-SFHC-TEXT-110,CSQP-SFHC-TEXT-110-PLC-002,潮安,广东潮安,广东侨乡,recipient
CSQP-SFHC-TEXT-110,CSQP-SFHC-TEXT-110-PLC-003,潮安,广东潮安,广东侨乡,body_clean
CSQP-SFHC-TEXT-110,CSQP-SFHC-TEXT-110-PLC-004,潮安,广东潮安,广东侨乡,place_mentions
CSQP-SFHC-TEXT-111,CSQP-SFHC-TEXT-111-PLC-001,澄邑,广东澄海,广东侨乡,title_reference
CSQP-SFHC-TEXT-111,CSQP-SFHC-TEXT-111-PLC-002,叻,新加坡,新加坡,sender
CSQP-SFHC-TEXT-111,CSQP-SFHC-TEXT-111-PLC-003,澄邑,广东澄海,广东侨乡,recipient
CSQP-SFHC-TEXT-111,CSQP-SFHC-TEXT-111-PLC-004,澄邑,广东澄海,广东侨乡,body_clean
CSQP-SFHC-TEXT-111,CSQP-SFHC-TEXT-111-PLC-005,汕头,广东汕头,广东侨乡,body_clean
CSQP-SFHC-TEXT-111,CSQP-SFHC-TEXT-111-PLC-006,澄邑,广东澄海,广东侨乡,place_mentions
CSQP-SFHC-TEXT-111,CSQP-SFHC-TEXT-111-PLC-007,汕头,广东汕头,广东侨乡,place_mentions
CSQP-SFHC-TEXT-111,CSQP-SFHC-TEXT-111-PLC-008,叻,新加坡,新加坡,place_mentions
CSQP-SFHC-TEXT-112,CSQP-SFHC-TEXT-112-PLC-001,潮安,广东潮安,广东侨乡,title_reference
CSQP-SFHC-TEXT-112,CSQP-SFHC-TEXT-112-PLC-002,潮安,广东潮安,广东侨乡,recipient
CSQP-SFHC-TEXT-112,CSQP-SFHC-TEXT-112-PLC-003,潮安,广东潮安,广东侨乡,place_mentions
CSQP-SFHC-TEXT-113,CSQP-SFHC-TEXT-113-PLC-001,泰国,泰国,泰国,title_reference
CSQP-SFHC-TEXT-113,CSQP-SFHC-TEXT-113-PLC-002,潮安,广东潮安,广东侨乡,title_reference
CSQP-SFHC-TEXT-113,CSQP-SFHC-TEXT-113-PLC-003,潮安,广东潮安,广东侨乡,sender
CSQP-SFHC-TEXT-113,CSQP-SFHC-TEXT-113-PLC-004,泰国,泰国,泰国,recipient
CSQP-SFHC-TEXT-113,CSQP-SFHC-TEXT-113-PLC-005,泰国,泰国,泰国,body_clean
CSQP-SFHC-TEXT-113,CSQP-SFHC-TEXT-113-PLC-006,潮安,广东潮安,广东侨乡,body_clean
CSQP-SFHC-TEXT-113,CSQP-SFHC-TEXT-113-PLC-007,泰国,泰国,泰国,place_mentions
CSQP-SFHC-TEXT-113,CSQP-SFHC-TEXT-113-PLC-008,潮安,广东潮安,广东侨乡,place_mentions
CSQP-SFHC-TEXT-114,CSQP-SFHC-TEXT-114-PLC-001,安南,越南,越南,title_reference
CSQP-SFHC-TEXT-114,CSQP-SFHC-TEXT-114-PLC-002,潮安,广东潮安,广东侨乡,title_reference
CSQP-SFHC-TEXT-114,CSQP-SFHC-TEXT-114-PLC-003,叻,新加坡,新加坡,sender
CSQP-SFHC-TEXT-114,CSQP-SFHC-TEXT-114-PLC-004,安南,越南,越南,recipient
CSQP-SFHC-TEXT-114,CSQP-SFHC-TEXT-114-PLC-005,潮安,广东潮安,广东侨乡,recipient
CSQP-SFHC-TEXT-114,CSQP-SFHC-TEXT-114-PLC-006,安南,越南,越南,body_clean
CSQP-SFHC-TEXT-114,CSQP-SFHC-TEXT-114-PLC-007,潮安,广东潮安,广东侨乡,body_clean
CSQP-SFHC-TEXT-114,CSQP-SFHC-TEXT-114-PLC-008,安南,越南,越南,place_mentions
CSQP-SFHC-TEXT-114,CSQP-SFHC-TEXT-114-PLC-009,潮安,广东潮安,广东侨乡,place_mentions
CSQP-SFHC-TEXT-114,CSQP-SFHC-TEXT-114-PLC-010,叻,新加坡,新加坡,place_mentions
CSQP-SFHC-TEXT-115,CSQP-SFHC-TEXT-115-PLC-001,潮安,广东潮安,广东侨乡,title_reference
CSQP-SFHC-TEXT-115,CSQP-SFHC-TEXT-115-PLC-002,叻,新加坡,新加坡,sender
CSQP-SFHC-TEXT-115,CSQP-SFHC-TEXT-115-PLC-003,潮安,广东潮安,广东侨乡,recipient
CSQP-SFHC-TEXT-115,CSQP-SFHC-TEXT-115-PLC-004,潮安,广东潮安,广东侨乡,body_clean
CSQP-SFHC-TEXT-115,CSQP-SFHC-TEXT-115-PLC-005,潮安,广东潮安,广东侨乡,place_mentions
CSQP-SFHC-TEXT-115,CSQP-SFHC-TEXT-115-PLC-006,叻,新加坡,新加坡,place_mentions
CSQP-SFHC-TEXT-116,CSQP-SFHC-TEXT-116-PLC-001,潮汕,广东侨乡,广东侨乡,title_reference
CSQP-SFHC-TEXT-116,CSQP-SFHC-TEXT-116-PLC-002,潮汕,广东侨乡,广东侨乡,recipient
CSQP-SFHC-TEXT-116,CSQP-SFHC-TEXT-116-PLC-003,潮汕,广东侨乡,广东侨乡,place_mentions
CSQP-SFHC-TEXT-117,CSQP-SFHC-TEXT-117-PLC-001,潮汕,广东侨乡,广东侨乡,title_reference
CSQP-SFHC-TEXT-117,CSQP-SFHC-TEXT-117-PLC-002,潮汕,广东侨乡,广东侨乡,recipient
CSQP-SFHC-TEXT-117,CSQP-SFHC-TEXT-117-PLC-003,潮汕,广东侨乡,广东侨乡,place_mentions
CSQP-SFHC-TEXT-118,CSQP-SFHC-TEXT-118-PLC-001,潮汕,广东侨乡,广东侨乡,title_reference
CSQP-SFHC-TEXT-118,CSQP-SFHC-TEXT-118-PLC-002,潮汕,广东侨乡,广东侨乡,recipient
CSQP-SFHC-TEXT-118,CSQP-SFHC-TEXT-118-PLC-003,东凤,广东潮安东凤,广东侨乡,body_clean
CSQP-SFHC-TEXT-118,CSQP-SFHC-TEXT-118-PLC-004,潮汕,广东侨乡,广东侨乡,place_mentions
CSQP-SFHC-TEXT-118,CSQP-SFHC-TEXT-118-PLC-005,东凤,广东潮安东凤,广东侨乡,place_mentions
CSQP-SFHC-TEXT-119,CSQP-SFHC-TEXT-119-PLC-001,潮汕,广东侨乡,广东侨乡,title_reference
CSQP-SFHC-TEXT-119,CSQP-SFHC-TEXT-119-PLC-002,潮汕,广东侨乡,广东侨乡,recipient
CSQP-SFHC-TEXT-119,CSQP-SFHC-TEXT-119-PLC-003,潮汕,广东侨乡,广东侨乡,place_mentions
CSQP-SFHC-TEXT-120,CSQP-SFHC-TEXT-120-PLC-001,安南,越南,越南,title_reference
CSQP-SFHC-TEXT-120,CSQP-SFHC-TEXT-120-PLC-002,香港,香港,香港,title_reference
CSQP-SFHC-TEXT-120,CSQP-SFHC-TEXT-120-PLC-003,潮安,广东潮安,广东侨乡,title_reference
CSQP-SFHC-TEXT-120,CSQP-SFHC-TEXT-120-PLC-004,安南,越南,越南,recipient
CSQP-SFHC-TEXT-120,CSQP-SFHC-TEXT-120-PLC-005,潮安,广东潮安,广东侨乡,recipient
CSQP-SFHC-TEXT-120,CSQP-SFHC-TEXT-120-PLC-006,安南,越南,越南,body_clean
CSQP-SFHC-TEXT-120,CSQP-SFHC-TEXT-120-PLC-007,潮安,广东潮安,广东侨乡,body_clean
CSQP-SFHC-TEXT-120,CSQP-SFHC-TEXT-120-PLC-008,安南,越南,越南,place_mentions
CSQP-SFHC-TEXT-120,CSQP-SFHC-TEXT-120-PLC-009,香港,香港,香港,place_mentions
CSQP-SFHC-TEXT-120,CSQP-SFHC-TEXT-120-PLC-010,潮安,广东潮安,广东侨乡,place_mentions
CSQP-SFHC-TEXT-121,CSQP-SFHC-TEXT-121-PLC-001,安南,越南,越南,title_reference
CSQP-SFHC-TEXT-121,CSQP-SFHC-TEXT-121-PLC-002,潮安,广东潮安,广东侨乡,title_reference
CSQP-SFHC-TEXT-121,CSQP-SFHC-TEXT-121-PLC-003,安南,越南,越南,recipient
CSQP-SFHC-TEXT-121,CSQP-SFHC-TEXT-121-PLC-004,潮安,广东潮安,广东侨乡,recipient
CSQP-SFHC-TEXT-121,CSQP-SFHC-TEXT-121-PLC-005,安南,越南,越南,body_clean
CSQP-SFHC-TEXT-121,CSQP-SFHC-TEXT-121-PLC-006,潮安,广东潮安,广东侨乡,body_clean
CSQP-SFHC-TEXT-121,CSQP-SFHC-TEXT-121-PLC-007,安南,越南,越南,place_mentions
CSQP-SFHC-TEXT-121,CSQP-SFHC-TEXT-121-PLC-008,潮安,广东潮安,广东侨乡,place_mentions
CSQP-SFHC-TEXT-121,CSQP-SFHC-TEXT-121-PLC-009,暹,泰国,泰国,place_mentions
CSQP-SFHC-TEXT-122,CSQP-SFHC-TEXT-122-PLC-001,潮安,广东潮安,广东侨乡,title_reference
CSQP-SFHC-TEXT-122,CSQP-SFHC-TEXT-122-PLC-002,潮安,广东潮安,广东侨乡,recipient
CSQP-SFHC-TEXT-122,CSQP-SFHC-TEXT-122-PLC-003,汕头,广东汕头,广东侨乡,body_clean
CSQP-SFHC-TEXT-122,CSQP-SFHC-TEXT-122-PLC-004,潮安,广东潮安,广东侨乡,place_mentions
CSQP-SFHC-TEXT-122,CSQP-SFHC-TEXT-122-PLC-005,汕头,广东汕头,广东侨乡,place_mentions
CSQP-SFHC-TEXT-123,CSQP-SFHC-TEXT-123-PLC-001,潮安,广东潮安,广东侨乡,title_reference
CSQP-SFHC-TEXT-123,CSQP-SFHC-TEXT-123-PLC-002,叻,新加坡,新加坡,sender
CSQP-SFHC-TEXT-123,CSQP-SFHC-TEXT-123-PLC-003,潮安,广东潮安,广东侨乡,recipient
CSQP-SFHC-TEXT-123,CSQP-SFHC-TEXT-123-PLC-004,潮安,广东潮安,广东侨乡,body_clean
CSQP-SFHC-TEXT-123,CSQP-SFHC-TEXT-123-PLC-005,潮安,广东潮安,广东侨乡,place_mentions
CSQP-SFHC-TEXT-123,CSQP-SFHC-TEXT-123-PLC-006,叻,新加坡,新加坡,place_mentions
CSQP-SFHC-TEXT-124,CSQP-SFHC-TEXT-124-PLC-001,潮汕,广东侨乡,广东侨乡,title_reference
CSQP-SFHC-TEXT-124,CSQP-SFHC-TEXT-124-PLC-002,潮汕,广东侨乡,广东侨乡,recipient
CSQP-SFHC-TEXT-124,CSQP-SFHC-TEXT-124-PLC-003,潮汕,广东侨乡,广东侨乡,place_mentions
CSQP-SFHC-TEXT-125,CSQP-SFHC-TEXT-125-PLC-001,潮安,广东潮安,广东侨乡,title_reference
CSQP-SFHC-TEXT-125,CSQP-SFHC-TEXT-125-PLC-002,潮安,广东潮安,广东侨乡,recipient
CSQP-SFHC-TEXT-125,CSQP-SFHC-TEXT-125-PLC-003,潮安,广东潮安,广东侨乡,body_clean
CSQP-SFHC-TEXT-125,CSQP-SFHC-TEXT-125-PLC-004,潮安,广东潮安,广东侨乡,place_mentions
CSQP-SFHC-TEXT-126,CSQP-SFHC-TEXT-126-PLC-001,潮汕,广东侨乡,广东侨乡,title_reference
CSQP-SFHC-TEXT-126,CSQP-SFHC-TEXT-126-PLC-002,潮汕,广东侨乡,广东侨乡,recipient
CSQP-SFHC-TEXT-126,CSQP-SFHC-TEXT-126-PLC-003,潮汕,广东侨乡,广东侨乡,place_mentions
CSQP-SFHC-TEXT-127,CSQP-SFHC-TEXT-127-PLC-001,安南,越南,越南,title_reference
CSQP-SFHC-TEXT-127,CSQP-SFHC-TEXT-127-PLC-002,潮安,广东潮安,广东侨乡,title_reference
CSQP-SFHC-TEXT-127,CSQP-SFHC-TEXT-127-PLC-003,安南,越南,越南,recipient
CSQP-SFHC-TEXT-127,CSQP-SFHC-TEXT-127-PLC-004,潮安,广东潮安,广东侨乡,recipient
CSQP-SFHC-TEXT-127,CSQP-SFHC-TEXT-127-PLC-005,安南,越南,越南,body_clean
CSQP-SFHC-TEXT-127,CSQP-SFHC-TEXT-127-PLC-006,潮安,广东潮安,广东侨乡,body_clean
CSQP-SFHC-TEXT-127,CSQP-SFHC-TEXT-127-PLC-007,安南,越南,越南,place_mentions
CSQP-SFHC-TEXT-127,CSQP-SFHC-TEXT-127-PLC-008,潮安,广东潮安,广东侨乡,place_mentions
CSQP-SFHC-TEXT-128,CSQP-SFHC-TEXT-128-PLC-001,安南,越南,越南,title_reference
CSQP-SFHC-TEXT-128,CSQP-SFHC-TEXT-128-PLC-002,潮安,广东潮安,广东侨乡,title_reference
CSQP-SFHC-TEXT-128,CSQP-SFHC-TEXT-128-PLC-003,安南,越南,越南,recipient
CSQP-SFHC-TEXT-128,CSQP-SFHC-TEXT-128-PLC-004,潮安,广东潮安,广东侨乡,recipient
CSQP-SFHC-TEXT-128,CSQP-SFHC-TEXT-128-PLC-005,安南,越南,越南,body_clean
CSQP-SFHC-TEXT-128,CSQP-SFHC-TEXT-128-PLC-006,潮安,广东潮安,广东侨乡,body_clean
CSQP-SFHC-TEXT-128,CSQP-SFHC-TEXT-128-PLC-007,安南,越南,越南,place_mentions
CSQP-SFHC-TEXT-128,CSQP-SFHC-TEXT-128-PLC-008,潮安,广东潮安,广东侨乡,place_mentions
CSQP-SFHC-TEXT-129,CSQP-SFHC-TEXT-129-PLC-001,澄邑,广东澄海,广东侨乡,title_reference
CSQP-SFHC-TEXT-129,CSQP-SFHC-TEXT-129-PLC-002,叻,新加坡,新加坡,sender
CSQP-SFHC-TEXT-129,CSQP-SFHC-TEXT-129-PLC-003,澄邑,广东澄海,广东侨乡,recipient
CSQP-SFHC-TEXT-129,CSQP-SFHC-TEXT-129-PLC-004,澄邑,广东澄海,广东侨乡,body_clean
CSQP-SFHC-TEXT-129,CSQP-SFHC-TEXT-129-PLC-005,叻,新加坡,新加坡,body_clean
CSQP-SFHC-TEXT-129,CSQP-SFHC-TEXT-129-PLC-006,澄邑,广东澄海,广东侨乡,place_mentions
CSQP-SFHC-TEXT-129,CSQP-SFHC-TEXT-129-PLC-007,叻,新加坡,新加坡,place_mentions
CSQP-SFHC-TEXT-130,CSQP-SFHC-TEXT-130-PLC-001,叻,新加坡,新加坡,sender
CSQP-SFHC-TEXT-130,CSQP-SFHC-TEXT-130-PLC-002,汀邑,广东澄海,广东侨乡,recipient
CSQP-SFHC-TEXT-130,CSQP-SFHC-TEXT-130-PLC-003,汀邑,广东澄海,广东侨乡,body_clean
CSQP-SFHC-TEXT-130,CSQP-SFHC-TEXT-130-PLC-004,汀邑,广东澄海,广东侨乡,place_mentions
CSQP-SFHC-TEXT-130,CSQP-SFHC-TEXT-130-PLC-005,叻,新加坡,新加坡,place_mentions
CSQP-SFHC-TEXT-131,CSQP-SFHC-TEXT-131-PLC-001,潮安,广东潮安,广东侨乡,title_reference
CSQP-SFHC-TEXT-131,CSQP-SFHC-TEXT-131-PLC-002,叻,新加坡,新加坡,sender
CSQP-SFHC-TEXT-131,CSQP-SFHC-TEXT-131-PLC-003,潮安,广东潮安,广东侨乡,recipient
CSQP-SFHC-TEXT-131,CSQP-SFHC-TEXT-131-PLC-004,潮安,广东潮安,广东侨乡,body_clean
CSQP-SFHC-TEXT-131,CSQP-SFHC-TEXT-131-PLC-005,潮安,广东潮安,广东侨乡,place_mentions
CSQP-SFHC-TEXT-131,CSQP-SFHC-TEXT-131-PLC-006,叻,新加坡,新加坡,place_mentions
CSQP-SFHC-TEXT-132,CSQP-SFHC-TEXT-132-PLC-001,安南,越南,越南,title_reference
CSQP-SFHC-TEXT-132,CSQP-SFHC-TEXT-132-PLC-002,潮安,广东潮安,广东侨乡,title_reference
CSQP-SFHC-TEXT-132,CSQP-SFHC-TEXT-132-PLC-003,安南,越南,越南,recipient
CSQP-SFHC-TEXT-132,CSQP-SFHC-TEXT-132-PLC-004,潮安,广东潮安,广东侨乡,recipient
CSQP-SFHC-TEXT-132,CSQP-SFHC-TEXT-132-PLC-005,安南,越南,越南,body_clean
CSQP-SFHC-TEXT-132,CSQP-SFHC-TEXT-132-PLC-006,潮安,广东潮安,广东侨乡,body_clean
CSQP-SFHC-TEXT-132,CSQP-SFHC-TEXT-132-PLC-007,安南,越南,越南,place_mentions
CSQP-SFHC-TEXT-132,CSQP-SFHC-TEXT-132-PLC-008,潮安,广东潮安,广东侨乡,place_mentions
CSQP-SFHC-TEXT-133,CSQP-SFHC-TEXT-133-PLC-001,汕头,广东汕头,广东侨乡,title_reference
CSQP-SFHC-TEXT-133,CSQP-SFHC-TEXT-133-PLC-002,叻,新加坡,新加坡,sender
CSQP-SFHC-TEXT-133,CSQP-SFHC-TEXT-133-PLC-003,汕头,广东汕头,广东侨乡,recipient
CSQP-SFHC-TEXT-133,CSQP-SFHC-TEXT-133-PLC-004,汕头,广东汕头,广东侨乡,body_clean
CSQP-SFHC-TEXT-133,CSQP-SFHC-TEXT-133-PLC-005,叻,新加坡,新加坡,body_clean
CSQP-SFHC-TEXT-133,CSQP-SFHC-TEXT-133-PLC-006,汕头,广东汕头,广东侨乡,place_mentions
CSQP-SFHC-TEXT-133,CSQP-SFHC-TEXT-133-PLC-007,叻,新加坡,新加坡,place_mentions
CSQP-SFHC-TEXT-134,CSQP-SFHC-TEXT-134-PLC-001,安南,越南,越南,title_reference
CSQP-SFHC-TEXT-134,CSQP-SFHC-TEXT-134-PLC-002,潮安,广东潮安,广东侨乡,title_reference
CSQP-SFHC-TEXT-134,CSQP-SFHC-TEXT-134-PLC-003,叻,新加坡,新加坡,sender
CSQP-SFHC-TEXT-134,CSQP-SFHC-TEXT-134-PLC-004,安南,越南,越南,recipient
CSQP-SFHC-TEXT-134,CSQP-SFHC-TEXT-134-PLC-005,潮安,广东潮安,广东侨乡,recipient
CSQP-SFHC-TEXT-134,CSQP-SFHC-TEXT-134-PLC-006,安南,越南,越南,body_clean
CSQP-SFHC-TEXT-134,CSQP-SFHC-TEXT-134-PLC-007,潮安,广东潮安,广东侨乡,body_clean
CSQP-SFHC-TEXT-134,CSQP-SFHC-TEXT-134-PLC-008,安南,越南,越南,place_mentions
CSQP-SFHC-TEXT-134,CSQP-SFHC-TEXT-134-PLC-009,潮安,广东潮安,广东侨乡,place_mentions
CSQP-SFHC-TEXT-134,CSQP-SFHC-TEXT-134-PLC-010,叻,新加坡,新加坡,place_mentions
CSQP-SFHC-TEXT-135,CSQP-SFHC-TEXT-135-PLC-001,潮汕,广东侨乡,广东侨乡,title_reference
CSQP-SFHC-TEXT-135,CSQP-SFHC-TEXT-135-PLC-002,潮汕,广东侨乡,广东侨乡,recipient
CSQP-SFHC-TEXT-135,CSQP-SFHC-TEXT-135-PLC-003,潮汕,广东侨乡,广东侨乡,place_mentions
CSQP-SFHC-TEXT-136,CSQP-SFHC-TEXT-136-PLC-001,安南,越南,越南,title_reference
CSQP-SFHC-TEXT-136,CSQP-SFHC-TEXT-136-PLC-002,潮安,广东潮安,广东侨乡,title_reference
CSQP-SFHC-TEXT-136,CSQP-SFHC-TEXT-136-PLC-003,叻,新加坡,新加坡,sender
CSQP-SFHC-TEXT-136,CSQP-SFHC-TEXT-136-PLC-004,安南,越南,越南,recipient
CSQP-SFHC-TEXT-136,CSQP-SFHC-TEXT-136-PLC-005,潮安,广东潮安,广东侨乡,recipient
CSQP-SFHC-TEXT-136,CSQP-SFHC-TEXT-136-PLC-006,安南,越南,越南,body_clean
CSQP-SFHC-TEXT-136,CSQP-SFHC-TEXT-136-PLC-007,潮安,广东潮安,广东侨乡,body_clean
CSQP-SFHC-TEXT-136,CSQP-SFHC-TEXT-136-PLC-008,安南,越南,越南,place_mentions
CSQP-SFHC-TEXT-136,CSQP-SFHC-TEXT-136-PLC-009,潮安,广东潮安,广东侨乡,place_mentions
CSQP-SFHC-TEXT-136,CSQP-SFHC-TEXT-136-PLC-010,叻,新加坡,新加坡,place_mentions
CSQP-SFHC-TEXT-137,CSQP-SFHC-TEXT-137-PLC-001,潮安,广东潮安,广东侨乡,title_reference
CSQP-SFHC-TEXT-137,CSQP-SFHC-TEXT-137-PLC-002,叻,新加坡,新加坡,sender
CSQP-SFHC-TEXT-137,CSQP-SFHC-TEXT-137-PLC-003,潮安,广东潮安,广东侨乡,recipient
CSQP-SFHC-TEXT-137,CSQP-SFHC-TEXT-137-PLC-004,潮安,广东潮安,广东侨乡,body_clean
CSQP-SFHC-TEXT-137,CSQP-SFHC-TEXT-137-PLC-005,潮安,广东潮安,广东侨乡,place_mentions
CSQP-SFHC-TEXT-137,CSQP-SFHC-TEXT-137-PLC-006,叻,新加坡,新加坡,place_mentions
CSQP-SFHC-TEXT-138,CSQP-SFHC-TEXT-138-PLC-001,潮汕,广东侨乡,广东侨乡,title_reference
CSQP-SFHC-TEXT-138,CSQP-SFHC-TEXT-138-PLC-002,潮汕,广东侨乡,广东侨乡,recipient
CSQP-SFHC-TEXT-138,CSQP-SFHC-TEXT-138-PLC-003,潮汕,广东侨乡,广东侨乡,place_mentions
CSQP-SFHC-TEXT-139,CSQP-SFHC-TEXT-139-PLC-001,潮汕,广东侨乡,广东侨乡,title_reference
CSQP-SFHC-TEXT-139,CSQP-SFHC-TEXT-139-PLC-002,潮汕,广东侨乡,广东侨乡,recipient
CSQP-SFHC-TEXT-139,CSQP-SFHC-TEXT-139-PLC-003,香港,香港,香港,body_clean
CSQP-SFHC-TEXT-139,CSQP-SFHC-TEXT-139-PLC-004,香港,香港,香港,place_mentions
CSQP-SFHC-TEXT-139,CSQP-SFHC-TEXT-139-PLC-005,潮汕,广东侨乡,广东侨乡,place_mentions
CSQP-SFHC-TEXT-140,CSQP-SFHC-TEXT-140-PLC-001,潮汕,广东侨乡,广东侨乡,title_reference
CSQP-SFHC-TEXT-140,CSQP-SFHC-TEXT-140-PLC-002,潮汕,广东侨乡,广东侨乡,recipient
CSQP-SFHC-TEXT-140,CSQP-SFHC-TEXT-140-PLC-003,潮汕,广东侨乡,广东侨乡,place_mentions
CSQP-SFHC-TEXT-141,CSQP-SFHC-TEXT-141-PLC-001,潮汕,广东侨乡,广东侨乡,title_reference
CSQP-SFHC-TEXT-141,CSQP-SFHC-TEXT-141-PLC-002,潮汕,广东侨乡,广东侨乡,recipient
CSQP-SFHC-TEXT-141,CSQP-SFHC-TEXT-141-PLC-003,潮汕,广东侨乡,广东侨乡,place_mentions
CSQP-SFHC-TEXT-142,CSQP-SFHC-TEXT-142-PLC-001,潮汕,广东侨乡,广东侨乡,title_reference
CSQP-SFHC-TEXT-142,CSQP-SFHC-TEXT-142-PLC-002,潮汕,广东侨乡,广东侨乡,recipient
CSQP-SFHC-TEXT-142,CSQP-SFHC-TEXT-142-PLC-003,潮汕,广东侨乡,广东侨乡,place_mentions
CSQP-SFHC-TEXT-143,CSQP-SFHC-TEXT-143-PLC-001,潮汕,广东侨乡,广东侨乡,title_reference
CSQP-SFHC-TEXT-143,CSQP-SFHC-TEXT-143-PLC-002,潮汕,广东侨乡,广东侨乡,recipient
CSQP-SFHC-TEXT-143,CSQP-SFHC-TEXT-143-PLC-003,潮汕,广东侨乡,广东侨乡,place_mentions
CSQP-SFHC-TEXT-144,CSQP-SFHC-TEXT-144-PLC-001,潮汕,广东侨乡,广东侨乡,title_reference
CSQP-SFHC-TEXT-144,CSQP-SFHC-TEXT-144-PLC-002,潮汕,广东侨乡,广东侨乡,recipient
CSQP-SFHC-TEXT-144,CSQP-SFHC-TEXT-144-PLC-003,潮汕,广东侨乡,广东侨乡,place_mentions
CSQP-SFHC-TEXT-144,CSQP-SFHC-TEXT-144-PLC-004,暹,泰国,泰国,place_mentions
CSQP-SFHC-TEXT-145,CSQP-SFHC-TEXT-145-PLC-001,潮汕,广东侨乡,广东侨乡,title_reference
CSQP-SFHC-TEXT-145,CSQP-SFHC-TEXT-145-PLC-002,潮汕,广东侨乡,广东侨乡,recipient
CSQP-SFHC-TEXT-145,CSQP-SFHC-TEXT-145-PLC-003,潮汕,广东侨乡,广东侨乡,place_mentions
CSQP-SFHC-TEXT-146,CSQP-SFHC-TEXT-146-PLC-001,潮汕,广东侨乡,广东侨乡,title_reference
CSQP-SFHC-TEXT-146,CSQP-SFHC-TEXT-146-PLC-002,潮汕,广东侨乡,广东侨乡,recipient
CSQP-SFHC-TEXT-146,CSQP-SFHC-TEXT-146-PLC-003,叻,新加坡,新加坡,body_clean
CSQP-SFHC-TEXT-146,CSQP-SFHC-TEXT-146-PLC-004,潮汕,广东侨乡,广东侨乡,place_mentions
CSQP-SFHC-TEXT-146,CSQP-SFHC-TEXT-146-PLC-005,叻,新加坡,新加坡,place_mentions
CSQP-SFHC-TEXT-147,CSQP-SFHC-TEXT-147-PLC-001,安南,越南,越南,title_reference
CSQP-SFHC-TEXT-147,CSQP-SFHC-TEXT-147-PLC-002,潮安,广东潮安,广东侨乡,title_reference
CSQP-SFHC-TEXT-147,CSQP-SFHC-TEXT-147-PLC-003,叻,新加坡,新加坡,sender
CSQP-SFHC-TEXT-147,CSQP-SFHC-TEXT-147-PLC-004,安南,越南,越南,recipient
CSQP-SFHC-TEXT-147,CSQP-SFHC-TEXT-147-PLC-005,潮安,广东潮安,广东侨乡,recipient
CSQP-SFHC-TEXT-147,CSQP-SFHC-TEXT-147-PLC-006,安南,越南,越南,body_clean
CSQP-SFHC-TEXT-147,CSQP-SFHC-TEXT-147-PLC-007,潮安,广东潮安,广东侨乡,body_clean
CSQP-SFHC-TEXT-147,CSQP-SFHC-TEXT-147-PLC-008,安南,越南,越南,place_mentions
CSQP-SFHC-TEXT-147,CSQP-SFHC-TEXT-147-PLC-009,潮安,广东潮安,广东侨乡,place_mentions
CSQP-SFHC-TEXT-147,CSQP-SFHC-TEXT-147-PLC-010,叻,新加坡,新加坡,place_mentions
CSQP-SFHC-TEXT-148,CSQP-SFHC-TEXT-148-PLC-001,潮汕,广东侨乡,广东侨乡,title_reference
CSQP-SFHC-TEXT-148,CSQP-SFHC-TEXT-148-PLC-002,潮汕,广东侨乡,广东侨乡,recipient
CSQP-SFHC-TEXT-148,CSQP-SFHC-TEXT-148-PLC-003,潮汕,广东侨乡,广东侨乡,place_mentions
CSQP-SFHC-TEXT-149,CSQP-SFHC-TEXT-149-PLC-001,安南,越南,越南,title_reference
CSQP-SFHC-TEXT-149,CSQP-SFHC-TEXT-149-PLC-002,潮安,广东潮安,广东侨乡,title_reference
CSQP-SFHC-TEXT-149,CSQP-SFHC-TEXT-149-PLC-003,安南,越南,越南,recipient
CSQP-SFHC-TEXT-149,CSQP-SFHC-TEXT-149-PLC-004,潮安,广东潮安,广东侨乡,recipient
CSQP-SFHC-TEXT-149,CSQP-SFHC-TEXT-149-PLC-005,安南,越南,越南,body_clean
CSQP-SFHC-TEXT-149,CSQP-SFHC-TEXT-149-PLC-006,潮安,广东潮安,广东侨乡,body_clean
CSQP-SFHC-TEXT-149,CSQP-SFHC-TEXT-149-PLC-007,安南,越南,越南,place_mentions
CSQP-SFHC-TEXT-149,CSQP-SFHC-TEXT-149-PLC-008,潮安,广东潮安,广东侨乡,place_mentions
CSQP-SFHC-TEXT-150,CSQP-SFHC-TEXT-150-PLC-001,澄邑,广东澄海,广东侨乡,title_reference
CSQP-SFHC-TEXT-150,CSQP-SFHC-TEXT-150-PLC-002,叻,新加坡,新加坡,sender
CSQP-SFHC-TEXT-150,CSQP-SFHC-TEXT-150-PLC-003,澄邑,广东澄海,广东侨乡,recipient
CSQP-SFHC-TEXT-150,CSQP-SFHC-TEXT-150-PLC-004,澄邑,广东澄海,广东侨乡,place_mentions
CSQP-SFHC-TEXT-150,CSQP-SFHC-TEXT-150-PLC-005,叻,新加坡,新加坡,place_mentions
CSQP-SFHC-TEXT-151,CSQP-SFHC-TEXT-151-PLC-001,澄邑,广东澄海,广东侨乡,title_reference
CSQP-SFHC-TEXT-151,CSQP-SFHC-TEXT-151-PLC-002,澄邑,广东澄海,广东侨乡,recipient
CSQP-SFHC-TEXT-151,CSQP-SFHC-TEXT-151-PLC-003,澄邑,广东澄海,广东侨乡,place_mentions
CSQP-SFHC-TEXT-152,CSQP-SFHC-TEXT-152-PLC-001,潮安,广东潮安,广东侨乡,title_reference
CSQP-SFHC-TEXT-152,CSQP-SFHC-TEXT-152-PLC-002,大寨,广东潮安大寨,广东侨乡,title_reference
CSQP-SFHC-TEXT-152,CSQP-SFHC-TEXT-152-PLC-003,叻,新加坡,新加坡,sender
CSQP-SFHC-TEXT-152,CSQP-SFHC-TEXT-152-PLC-004,潮安,广东潮安,广东侨乡,recipient
CSQP-SFHC-TEXT-152,CSQP-SFHC-TEXT-152-PLC-005,大寨,广东潮安大寨,广东侨乡,recipient
CSQP-SFHC-TEXT-152,CSQP-SFHC-TEXT-152-PLC-006,潮安,广东潮安,广东侨乡,body_clean
CSQP-SFHC-TEXT-152,CSQP-SFHC-TEXT-152-PLC-007,大寨,广东潮安大寨,广东侨乡,body_clean
CSQP-SFHC-TEXT-152,CSQP-SFHC-TEXT-152-PLC-008,潮安,广东潮安,广东侨乡,place_mentions
CSQP-SFHC-TEXT-152,CSQP-SFHC-TEXT-152-PLC-009,大寨,广东潮安大寨,广东侨乡,place_mentions
CSQP-SFHC-TEXT-152,CSQP-SFHC-TEXT-152-PLC-010,叻,新加坡,新加坡,place_mentions
CSQP-SFHC-TEXT-153,CSQP-SFHC-TEXT-153-PLC-001,潮安,广东潮安,广东侨乡,title_reference
CSQP-SFHC-TEXT-153,CSQP-SFHC-TEXT-153-PLC-002,潮安,广东潮安,广东侨乡,recipient
CSQP-SFHC-TEXT-153,CSQP-SFHC-TEXT-153-PLC-003,潮安,广东潮安,广东侨乡,body_clean
CSQP-SFHC-TEXT-153,CSQP-SFHC-TEXT-153-PLC-004,潮安,广东潮安,广东侨乡,place_mentions
CSQP-SFHC-TEXT-154,CSQP-SFHC-TEXT-154-PLC-001,潮汕,广东侨乡,广东侨乡,title_reference
CSQP-SFHC-TEXT-154,CSQP-SFHC-TEXT-154-PLC-002,潮汕,广东侨乡,广东侨乡,recipient
CSQP-SFHC-TEXT-154,CSQP-SFHC-TEXT-154-PLC-003,潮汕,广东侨乡,广东侨乡,place_mentions
CSQP-SFHC-TEXT-155,CSQP-SFHC-TEXT-155-PLC-001,潮汕,广东侨乡,广东侨乡,title_reference
CSQP-SFHC-TEXT-155,CSQP-SFHC-TEXT-155-PLC-002,潮汕,广东侨乡,广东侨乡,recipient
CSQP-SFHC-TEXT-155,CSQP-SFHC-TEXT-155-PLC-003,叻,新加坡,新加坡,body_clean
CSQP-SFHC-TEXT-155,CSQP-SFHC-TEXT-155-PLC-004,潮汕,广东侨乡,广东侨乡,place_mentions
CSQP-SFHC-TEXT-155,CSQP-SFHC-TEXT-155-PLC-005,叻,新加坡,新加坡,place_mentions
CSQP-SFHC-TEXT-156,CSQP-SFHC-TEXT-156-PLC-001,潮安,广东潮安,广东侨乡,title_reference
CSQP-SFHC-TEXT-156,CSQP-SFHC-TEXT-156-PLC-002,潮安,广东潮安,广东侨乡,recipient
CSQP-SFHC-TEXT-156,CSQP-SFHC-TEXT-156-PLC-003,潮安,广东潮安,广东侨乡,body_clean
CSQP-SFHC-TEXT-156,CSQP-SFHC-TEXT-156-PLC-004,潮安,广东潮安,广东侨乡,place_mentions
CSQP-SFHC-TEXT-157,CSQP-SFHC-TEXT-157-PLC-001,叻,新加坡,新加坡,sender
CSQP-SFHC-TEXT-157,CSQP-SFHC-TEXT-157-PLC-002,汀邑,广东澄海,广东侨乡,recipient
CSQP-SFHC-TEXT-157,CSQP-SFHC-TEXT-157-PLC-003,汀邑,广东澄海,广东侨乡,body_clean
CSQP-SFHC-TEXT-157,CSQP-SFHC-TEXT-157-PLC-004,汀邑,广东澄海,广东侨乡,place_mentions
CSQP-SFHC-TEXT-157,CSQP-SFHC-TEXT-157-PLC-005,叻,新加坡,新加坡,place_mentions
CSQP-SFHC-TEXT-158,CSQP-SFHC-TEXT-158-PLC-001,潮汕,广东侨乡,广东侨乡,title_reference
CSQP-SFHC-TEXT-158,CSQP-SFHC-TEXT-158-PLC-002,潮汕,广东侨乡,广东侨乡,recipient
CSQP-SFHC-TEXT-158,CSQP-SFHC-TEXT-158-PLC-003,潮汕,广东侨乡,广东侨乡,place_mentions
CSQP-SFHC-TEXT-159,CSQP-SFHC-TEXT-159-PLC-001,潮汕,广东侨乡,广东侨乡,title_reference
CSQP-SFHC-TEXT-159,CSQP-SFHC-TEXT-159-PLC-002,潮汕,广东侨乡,广东侨乡,recipient
CSQP-SFHC-TEXT-159,CSQP-SFHC-TEXT-159-PLC-003,潮汕,广东侨乡,广东侨乡,place_mentions
CSQP-SFHC-TEXT-160,CSQP-SFHC-TEXT-160-PLC-001,香港,香港,香港,title_reference
CSQP-SFHC-TEXT-160,CSQP-SFHC-TEXT-160-PLC-002,澄海,广东澄海,广东侨乡,title_reference
CSQP-SFHC-TEXT-160,CSQP-SFHC-TEXT-160-PLC-003,澄海,广东澄海,广东侨乡,recipient
CSQP-SFHC-TEXT-160,CSQP-SFHC-TEXT-160-PLC-004,澄海,广东澄海,广东侨乡,body_clean
CSQP-SFHC-TEXT-160,CSQP-SFHC-TEXT-160-PLC-005,香港,香港,香港,place_mentions
CSQP-SFHC-TEXT-160,CSQP-SFHC-TEXT-160-PLC-006,澄海,广东澄海,广东侨乡,place_mentions
CSQP-SFHC-TEXT-161,CSQP-SFHC-TEXT-161-PLC-001,新加坡,新加坡,新加坡,title_reference
CSQP-SFHC-TEXT-161,CSQP-SFHC-TEXT-161-PLC-002,澄邑,广东澄海,广东侨乡,title_reference
CSQP-SFHC-TEXT-161,CSQP-SFHC-TEXT-161-PLC-003,澄邑,广东澄海,广东侨乡,recipient
CSQP-SFHC-TEXT-161,CSQP-SFHC-TEXT-161-PLC-004,澄邑,广东澄海,广东侨乡,body_clean
CSQP-SFHC-TEXT-161,CSQP-SFHC-TEXT-161-PLC-005,新加坡,新加坡,新加坡,place_mentions
CSQP-SFHC-TEXT-161,CSQP-SFHC-TEXT-161-PLC-006,澄邑,广东澄海,广东侨乡,place_mentions
CSQP-SFHC-TEXT-162,CSQP-SFHC-TEXT-162-PLC-001,叻坡,新加坡,新加坡,title_reference
CSQP-SFHC-TEXT-162,CSQP-SFHC-TEXT-162-PLC-002,潮汕,广东侨乡,广东侨乡,title_reference
CSQP-SFHC-TEXT-162,CSQP-SFHC-TEXT-162-PLC-003,叻坡,新加坡,新加坡,sender
CSQP-SFHC-TEXT-162,CSQP-SFHC-TEXT-162-PLC-004,叻,新加坡,新加坡,sender
CSQP-SFHC-TEXT-162,CSQP-SFHC-TEXT-162-PLC-005,潮汕,广东侨乡,广东侨乡,recipient
CSQP-SFHC-TEXT-162,CSQP-SFHC-TEXT-162-PLC-006,叻坡,新加坡,新加坡,body_clean
CSQP-SFHC-TEXT-162,CSQP-SFHC-TEXT-162-PLC-007,香港,香港,香港,body_clean
CSQP-SFHC-TEXT-162,CSQP-SFHC-TEXT-162-PLC-008,叻坡,新加坡,新加坡,place_mentions
CSQP-SFHC-TEXT-162,CSQP-SFHC-TEXT-162-PLC-009,香港,香港,香港,place_mentions
CSQP-SFHC-TEXT-162,CSQP-SFHC-TEXT-162-PLC-010,潮汕,广东侨乡,广东侨乡,place_mentions
CSQP-SFHC-TEXT-162,CSQP-SFHC-TEXT-162-PLC-011,叻,新加坡,新加坡,place_mentions
CSQP-SFHC-TEXT-163,CSQP-SFHC-TEXT-163-PLC-001,安南,越南,越南,title_reference
CSQP-SFHC-TEXT-163,CSQP-SFHC-TEXT-163-PLC-002,潮安,广东潮安,广东侨乡,title_reference
CSQP-SFHC-TEXT-163,CSQP-SFHC-TEXT-163-PLC-003,安南,越南,越南,recipient
CSQP-SFHC-TEXT-163,CSQP-SFHC-TEXT-163-PLC-004,潮安,广东潮安,广东侨乡,recipient
CSQP-SFHC-TEXT-163,CSQP-SFHC-TEXT-163-PLC-005,安南,越南,越南,body_clean
CSQP-SFHC-TEXT-163,CSQP-SFHC-TEXT-163-PLC-006,潮安,广东潮安,广东侨乡,body_clean
CSQP-SFHC-TEXT-163,CSQP-SFHC-TEXT-163-PLC-007,安南,越南,越南,place_mentions
CSQP-SFHC-TEXT-163,CSQP-SFHC-TEXT-163-PLC-008,潮安,广东潮安,广东侨乡,place_mentions
CSQP-SFHC-TEXT-164,CSQP-SFHC-TEXT-164-PLC-001,叻坡,新加坡,新加坡,title_reference
CSQP-SFHC-TEXT-164,CSQP-SFHC-TEXT-164-PLC-002,潮汕,广东侨乡,广东侨乡,title_reference
CSQP-SFHC-TEXT-164,CSQP-SFHC-TEXT-164-PLC-003,叻坡,新加坡,新加坡,sender
CSQP-SFHC-TEXT-164,CSQP-SFHC-TEXT-164-PLC-004,叻,新加坡,新加坡,sender
CSQP-SFHC-TEXT-164,CSQP-SFHC-TEXT-164-PLC-005,潮汕,广东侨乡,广东侨乡,recipient
CSQP-SFHC-TEXT-164,CSQP-SFHC-TEXT-164-PLC-006,叻坡,新加坡,新加坡,body_clean
CSQP-SFHC-TEXT-164,CSQP-SFHC-TEXT-164-PLC-007,香港,香港,香港,body_clean
CSQP-SFHC-TEXT-164,CSQP-SFHC-TEXT-164-PLC-008,叻坡,新加坡,新加坡,place_mentions
CSQP-SFHC-TEXT-164,CSQP-SFHC-TEXT-164-PLC-009,香港,香港,香港,place_mentions
CSQP-SFHC-TEXT-164,CSQP-SFHC-TEXT-164-PLC-010,潮汕,广东侨乡,广东侨乡,place_mentions
CSQP-SFHC-TEXT-164,CSQP-SFHC-TEXT-164-PLC-011,叻,新加坡,新加坡,place_mentions
CSQP-SFHC-TEXT-165,CSQP-SFHC-TEXT-165-PLC-001,潮汕,广东侨乡,广东侨乡,title_reference
CSQP-SFHC-TEXT-165,CSQP-SFHC-TEXT-165-PLC-002,潮汕,广东侨乡,广东侨乡,recipient
CSQP-SFHC-TEXT-165,CSQP-SFHC-TEXT-165-PLC-003,潮汕,广东侨乡,广东侨乡,place_mentions
CSQP-SFHC-TEXT-166,CSQP-SFHC-TEXT-166-PLC-001,潮安,广东潮安,广东侨乡,title_reference
CSQP-SFHC-TEXT-166,CSQP-SFHC-TEXT-166-PLC-002,叻,新加坡,新加坡,sender
CSQP-SFHC-TEXT-166,CSQP-SFHC-TEXT-166-PLC-003,潮安,广东潮安,广东侨乡,recipient
CSQP-SFHC-TEXT-166,CSQP-SFHC-TEXT-166-PLC-004,潮安,广东潮安,广东侨乡,body_clean
CSQP-SFHC-TEXT-166,CSQP-SFHC-TEXT-166-PLC-005,潮安,广东潮安,广东侨乡,place_mentions
CSQP-SFHC-TEXT-166,CSQP-SFHC-TEXT-166-PLC-006,叻,新加坡,新加坡,place_mentions
CSQP-SFHC-TEXT-167,CSQP-SFHC-TEXT-167-PLC-001,潮安,广东潮安,广东侨乡,title_reference
CSQP-SFHC-TEXT-167,CSQP-SFHC-TEXT-167-PLC-002,叻,新加坡,新加坡,sender
CSQP-SFHC-TEXT-167,CSQP-SFHC-TEXT-167-PLC-003,潮安,广东潮安,广东侨乡,recipient
CSQP-SFHC-TEXT-167,CSQP-SFHC-TEXT-167-PLC-004,潮安,广东潮安,广东侨乡,body_clean
CSQP-SFHC-TEXT-167,CSQP-SFHC-TEXT-167-PLC-005,潮安,广东潮安,广东侨乡,place_mentions
CSQP-SFHC-TEXT-167,CSQP-SFHC-TEXT-167-PLC-006,叻,新加坡,新加坡,place_mentions
CSQP-SFHC-TEXT-168,CSQP-SFHC-TEXT-168-PLC-001,潮安,广东潮安,广东侨乡,title_reference
CSQP-SFHC-TEXT-168,CSQP-SFHC-TEXT-168-PLC-002,西洋乡,广东侨乡西洋乡,广东侨乡,title_reference
CSQP-SFHC-TEXT-168,CSQP-SFHC-TEXT-168-PLC-003,叻,新加坡,新加坡,sender
CSQP-SFHC-TEXT-168,CSQP-SFHC-TEXT-168-PLC-004,潮安,广东潮安,广东侨乡,recipient
CSQP-SFHC-TEXT-168,CSQP-SFHC-TEXT-168-PLC-005,西洋乡,广东侨乡西洋乡,广东侨乡,recipient
CSQP-SFHC-TEXT-168,CSQP-SFHC-TEXT-168-PLC-006,潮安,广东潮安,广东侨乡,body_clean
CSQP-SFHC-TEXT-168,CSQP-SFHC-TEXT-168-PLC-007,西洋乡,广东侨乡西洋乡,广东侨乡,body_clean
CSQP-SFHC-TEXT-168,CSQP-SFHC-TEXT-168-PLC-008,叻,新加坡,新加坡,body_clean
CSQP-SFHC-TEXT-168,CSQP-SFHC-TEXT-168-PLC-009,潮安,广东潮安,广东侨乡,place_mentions
CSQP-SFHC-TEXT-168,CSQP-SFHC-TEXT-168-PLC-010,西洋乡,广东侨乡西洋乡,广东侨乡,place_mentions
CSQP-SFHC-TEXT-168,CSQP-SFHC-TEXT-168-PLC-011,叻,新加坡,新加坡,place_mentions
CSQP-SFHC-TEXT-169,CSQP-SFHC-TEXT-169-PLC-001,潮汕,广东侨乡,广东侨乡,title_reference
CSQP-SFHC-TEXT-169,CSQP-SFHC-TEXT-169-PLC-002,潮汕,广东侨乡,广东侨乡,sender
CSQP-SFHC-TEXT-169,CSQP-SFHC-TEXT-169-PLC-003,潮汕,广东侨乡,广东侨乡,recipient
CSQP-SFHC-TEXT-169,CSQP-SFHC-TEXT-169-PLC-004,潮汕,广东侨乡,广东侨乡,place_mentions
CSQP-SFHC-TEXT-170,CSQP-SFHC-TEXT-170-PLC-001,潮汕,广东侨乡,广东侨乡,title_reference
CSQP-SFHC-TEXT-170,CSQP-SFHC-TEXT-170-PLC-002,潮汕,广东侨乡,广东侨乡,recipient
CSQP-SFHC-TEXT-170,CSQP-SFHC-TEXT-170-PLC-003,潮汕,广东侨乡,广东侨乡,place_mentions
CSQP-SFHC-TEXT-171,CSQP-SFHC-TEXT-171-PLC-001,潮汕,广东侨乡,广东侨乡,title_reference
CSQP-SFHC-TEXT-171,CSQP-SFHC-TEXT-171-PLC-002,潮汕,广东侨乡,广东侨乡,recipient
CSQP-SFHC-TEXT-171,CSQP-SFHC-TEXT-171-PLC-003,星洲,新加坡,新加坡,body_clean
CSQP-SFHC-TEXT-171,CSQP-SFHC-TEXT-171-PLC-004,叻,新加坡,新加坡,body_clean
CSQP-SFHC-TEXT-171,CSQP-SFHC-TEXT-171-PLC-005,星洲,新加坡,新加坡,place_mentions
CSQP-SFHC-TEXT-171,CSQP-SFHC-TEXT-171-PLC-006,潮汕,广东侨乡,广东侨乡,place_mentions
CSQP-SFHC-TEXT-171,CSQP-SFHC-TEXT-171-PLC-007,叻,新加坡,新加坡,place_mentions
CSQP-SFHC-TEXT-172,CSQP-SFHC-TEXT-172-PLC-001,潮汕,广东侨乡,广东侨乡,title_reference
CSQP-SFHC-TEXT-172,CSQP-SFHC-TEXT-172-PLC-002,潮汕,广东侨乡,广东侨乡,recipient
CSQP-SFHC-TEXT-172,CSQP-SFHC-TEXT-172-PLC-003,潮汕,广东侨乡,广东侨乡,place_mentions
CSQP-SFHC-TEXT-173,CSQP-SFHC-TEXT-173-PLC-001,潮安,广东潮安,广东侨乡,title_reference
CSQP-SFHC-TEXT-173,CSQP-SFHC-TEXT-173-PLC-002,叻,新加坡,新加坡,sender
CSQP-SFHC-TEXT-173,CSQP-SFHC-TEXT-173-PLC-003,潮安,广东潮安,广东侨乡,recipient
CSQP-SFHC-TEXT-173,CSQP-SFHC-TEXT-173-PLC-004,潮安,广东潮安,广东侨乡,body_clean
CSQP-SFHC-TEXT-173,CSQP-SFHC-TEXT-173-PLC-005,潮安,广东潮安,广东侨乡,place_mentions
CSQP-SFHC-TEXT-173,CSQP-SFHC-TEXT-173-PLC-006,叻,新加坡,新加坡,place_mentions
CSQP-SFHC-TEXT-174,CSQP-SFHC-TEXT-174-PLC-001,潮汕,广东侨乡,广东侨乡,title_reference
CSQP-SFHC-TEXT-174,CSQP-SFHC-TEXT-174-PLC-002,潮汕,广东侨乡,广东侨乡,recipient
CSQP-SFHC-TEXT-174,CSQP-SFHC-TEXT-174-PLC-003,潮汕,广东侨乡,广东侨乡,place_mentions
CSQP-SFHC-TEXT-175,CSQP-SFHC-TEXT-175-PLC-001,汕头,广东汕头,广东侨乡,title_reference
CSQP-SFHC-TEXT-175,CSQP-SFHC-TEXT-175-PLC-002,叻,新加坡,新加坡,sender
CSQP-SFHC-TEXT-175,CSQP-SFHC-TEXT-175-PLC-003,汕头,广东汕头,广东侨乡,recipient
CSQP-SFHC-TEXT-175,CSQP-SFHC-TEXT-175-PLC-004,汕头,广东汕头,广东侨乡,body_clean
CSQP-SFHC-TEXT-175,CSQP-SFHC-TEXT-175-PLC-005,汕头,广东汕头,广东侨乡,place_mentions
CSQP-SFHC-TEXT-175,CSQP-SFHC-TEXT-175-PLC-006,叻,新加坡,新加坡,place_mentions
CSQP-SFHC-TEXT-176,CSQP-SFHC-TEXT-176-PLC-001,潮汕,广东侨乡,广东侨乡,title_reference
CSQP-SFHC-TEXT-176,CSQP-SFHC-TEXT-176-PLC-002,潮汕,广东侨乡,广东侨乡,recipient
CSQP-SFHC-TEXT-176,CSQP-SFHC-TEXT-176-PLC-003,潮汕,广东侨乡,广东侨乡,place_mentions
CSQP-SFHC-TEXT-177,CSQP-SFHC-TEXT-177-PLC-001,潮汕,广东侨乡,广东侨乡,title_reference
CSQP-SFHC-TEXT-177,CSQP-SFHC-TEXT-177-PLC-002,潮汕,广东侨乡,广东侨乡,recipient
CSQP-SFHC-TEXT-177,CSQP-SFHC-TEXT-177-PLC-003,叻坡,新加坡,新加坡,body_clean
CSQP-SFHC-TEXT-177,CSQP-SFHC-TEXT-177-PLC-004,叻,新加坡,新加坡,body_clean
CSQP-SFHC-TEXT-177,CSQP-SFHC-TEXT-177-PLC-005,叻坡,新加坡,新加坡,place_mentions
CSQP-SFHC-TEXT-177,CSQP-SFHC-TEXT-177-PLC-006,潮汕,广东侨乡,广东侨乡,place_mentions
CSQP-SFHC-TEXT-177,CSQP-SFHC-TEXT-177-PLC-007,叻,新加坡,新加坡,place_mentions
CSQP-SFHC-TEXT-178,CSQP-SFHC-TEXT-178-PLC-001,潮汕,广东侨乡,广东侨乡,title_reference
CSQP-SFHC-TEXT-178,CSQP-SFHC-TEXT-178-PLC-002,潮汕,广东侨乡,广东侨乡,recipient
CSQP-SFHC-TEXT-178,CSQP-SFHC-TEXT-178-PLC-003,潮汕,广东侨乡,广东侨乡,place_mentions
CSQP-SFHC-TEXT-179,CSQP-SFHC-TEXT-179-PLC-001,安南,越南,越南,title_reference
CSQP-SFHC-TEXT-179,CSQP-SFHC-TEXT-179-PLC-002,潮安,广东潮安,广东侨乡,title_reference
CSQP-SFHC-TEXT-179,CSQP-SFHC-TEXT-179-PLC-003,叻,新加坡,新加坡,sender
CSQP-SFHC-TEXT-179,CSQP-SFHC-TEXT-179-PLC-004,安南,越南,越南,recipient
CSQP-SFHC-TEXT-179,CSQP-SFHC-TEXT-179-PLC-005,潮安,广东潮安,广东侨乡,recipient
CSQP-SFHC-TEXT-179,CSQP-SFHC-TEXT-179-PLC-006,安南,越南,越南,body_clean
CSQP-SFHC-TEXT-179,CSQP-SFHC-TEXT-179-PLC-007,潮安,广东潮安,广东侨乡,body_clean
CSQP-SFHC-TEXT-179,CSQP-SFHC-TEXT-179-PLC-008,叻,新加坡,新加坡,body_clean
CSQP-SFHC-TEXT-179,CSQP-SFHC-TEXT-179-PLC-009,安南,越南,越南,place_mentions
CSQP-SFHC-TEXT-179,CSQP-SFHC-TEXT-179-PLC-010,潮安,广东潮安,广东侨乡,place_mentions
CSQP-SFHC-TEXT-179,CSQP-SFHC-TEXT-179-PLC-011,叻,新加坡,新加坡,place_mentions
CSQP-SFHC-TEXT-180,CSQP-SFHC-TEXT-180-PLC-001,潮汕,广东侨乡,广东侨乡,title_reference
CSQP-SFHC-TEXT-180,CSQP-SFHC-TEXT-180-PLC-002,叻,新加坡,新加坡,sender
CSQP-SFHC-TEXT-180,CSQP-SFHC-TEXT-180-PLC-003,潮汕,广东侨乡,广东侨乡,recipient
CSQP-SFHC-TEXT-180,CSQP-SFHC-TEXT-180-PLC-004,潮汕,广东侨乡,广东侨乡,place_mentions
CSQP-SFHC-TEXT-180,CSQP-SFHC-TEXT-180-PLC-005,叻,新加坡,新加坡,place_mentions
CSQP-SFHC-TEXT-181,CSQP-SFHC-TEXT-181-PLC-001,暹罗,泰国,泰国,title_reference
CSQP-SFHC-TEXT-181,CSQP-SFHC-TEXT-181-PLC-002,泰国,泰国,泰国,title_reference
CSQP-SFHC-TEXT-181,CSQP-SFHC-TEXT-181-PLC-003,暹罗,泰国,泰国,sender
CSQP-SFHC-TEXT-181,CSQP-SFHC-TEXT-181-PLC-004,暹罗,泰国,泰国,body_clean
CSQP-SFHC-TEXT-181,CSQP-SFHC-TEXT-181-PLC-005,暹罗,泰国,泰国,place_mentions
CSQP-SFHC-TEXT-181,CSQP-SFHC-TEXT-181-PLC-006,泰国,泰国,泰国,place_mentions
CSQP-SFHC-TEXT-181,CSQP-SFHC-TEXT-181-PLC-007,暹,泰国,泰国,place_mentions
CSQP-SFHC-TEXT-182,CSQP-SFHC-TEXT-182-PLC-001,潮安,广东潮安,广东侨乡,title_reference
CSQP-SFHC-TEXT-182,CSQP-SFHC-TEXT-182-PLC-002,潮安,广东潮安,广东侨乡,recipient
CSQP-SFHC-TEXT-182,CSQP-SFHC-TEXT-182-PLC-003,潮安,广东潮安,广东侨乡,body_clean
CSQP-SFHC-TEXT-182,CSQP-SFHC-TEXT-182-PLC-004,潮安,广东潮安,广东侨乡,place_mentions
CSQP-SFHC-TEXT-183,CSQP-SFHC-TEXT-183-PLC-001,潮安,广东潮安,广东侨乡,title_reference
CSQP-SFHC-TEXT-183,CSQP-SFHC-TEXT-183-PLC-002,叻,新加坡,新加坡,sender
CSQP-SFHC-TEXT-183,CSQP-SFHC-TEXT-183-PLC-003,潮安,广东潮安,广东侨乡,recipient
CSQP-SFHC-TEXT-183,CSQP-SFHC-TEXT-183-PLC-004,潮安,广东潮安,广东侨乡,body_clean
CSQP-SFHC-TEXT-183,CSQP-SFHC-TEXT-183-PLC-005,潮安,广东潮安,广东侨乡,place_mentions
CSQP-SFHC-TEXT-183,CSQP-SFHC-TEXT-183-PLC-006,叻,新加坡,新加坡,place_mentions
CSQP-SFHC-TEXT-184,CSQP-SFHC-TEXT-184-PLC-001,潮汕,广东侨乡,广东侨乡,title_reference
CSQP-SFHC-TEXT-184,CSQP-SFHC-TEXT-184-PLC-002,潮汕,广东侨乡,广东侨乡,recipient
CSQP-SFHC-TEXT-184,CSQP-SFHC-TEXT-184-PLC-003,潮汕,广东侨乡,广东侨乡,place_mentions
CSQP-SFHC-TEXT-185,CSQP-SFHC-TEXT-185-PLC-001,潮安,广东潮安,广东侨乡,title_reference
CSQP-SFHC-TEXT-185,CSQP-SFHC-TEXT-185-PLC-002,叻,新加坡,新加坡,sender
CSQP-SFHC-TEXT-185,CSQP-SFHC-TEXT-185-PLC-003,潮安,广东潮安,广东侨乡,recipient
CSQP-SFHC-TEXT-185,CSQP-SFHC-TEXT-185-PLC-004,潮安,广东潮安,广东侨乡,body_clean
CSQP-SFHC-TEXT-185,CSQP-SFHC-TEXT-185-PLC-005,潮安,广东潮安,广东侨乡,place_mentions
CSQP-SFHC-TEXT-185,CSQP-SFHC-TEXT-185-PLC-006,叻,新加坡,新加坡,place_mentions
CSQP-SFHC-TEXT-186,CSQP-SFHC-TEXT-186-PLC-001,潮安,广东潮安,广东侨乡,title_reference
CSQP-SFHC-TEXT-186,CSQP-SFHC-TEXT-186-PLC-002,东凤,广东潮安东凤,广东侨乡,title_reference
CSQP-SFHC-TEXT-186,CSQP-SFHC-TEXT-186-PLC-003,潮安,广东潮安,广东侨乡,recipient
CSQP-SFHC-TEXT-186,CSQP-SFHC-TEXT-186-PLC-004,潮安,广东潮安,广东侨乡,body_clean
CSQP-SFHC-TEXT-186,CSQP-SFHC-TEXT-186-PLC-005,潮安,广东潮安,广东侨乡,place_mentions
CSQP-SFHC-TEXT-186,CSQP-SFHC-TEXT-186-PLC-006,东凤,广东潮安东凤,广东侨乡,place_mentions
CSQP-SFHC-TEXT-187,CSQP-SFHC-TEXT-187-PLC-001,潮汕,广东侨乡,广东侨乡,title_reference
CSQP-SFHC-TEXT-187,CSQP-SFHC-TEXT-187-PLC-002,潮汕,广东侨乡,广东侨乡,recipient
CSQP-SFHC-TEXT-187,CSQP-SFHC-TEXT-187-PLC-003,潮汕,广东侨乡,广东侨乡,place_mentions
CSQP-SFHC-TEXT-188,CSQP-SFHC-TEXT-188-PLC-001,泰国,泰国,泰国,title_reference
CSQP-SFHC-TEXT-188,CSQP-SFHC-TEXT-188-PLC-002,潮安,广东潮安,广东侨乡,title_reference
CSQP-SFHC-TEXT-188,CSQP-SFHC-TEXT-188-PLC-003,泰国,泰国,泰国,sender
CSQP-SFHC-TEXT-188,CSQP-SFHC-TEXT-188-PLC-004,潮安,广东潮安,广东侨乡,recipient
CSQP-SFHC-TEXT-188,CSQP-SFHC-TEXT-188-PLC-005,泰国,泰国,泰国,body_clean
CSQP-SFHC-TEXT-188,CSQP-SFHC-TEXT-188-PLC-006,潮安,广东潮安,广东侨乡,body_clean
CSQP-SFHC-TEXT-188,CSQP-SFHC-TEXT-188-PLC-007,泰国,泰国,泰国,place_mentions
CSQP-SFHC-TEXT-188,CSQP-SFHC-TEXT-188-PLC-008,潮安,广东潮安,广东侨乡,place_mentions
CSQP-SFHC-TEXT-189,CSQP-SFHC-TEXT-189-PLC-001,潮汕,广东侨乡,广东侨乡,title_reference
CSQP-SFHC-TEXT-189,CSQP-SFHC-TEXT-189-PLC-002,潮汕,广东侨乡,广东侨乡,recipient
CSQP-SFHC-TEXT-189,CSQP-SFHC-TEXT-189-PLC-003,潮汕,广东侨乡,广东侨乡,place_mentions
CSQP-SFHC-TEXT-190,CSQP-SFHC-TEXT-190-PLC-001,潮汕,广东侨乡,广东侨乡,title_reference
CSQP-SFHC-TEXT-190,CSQP-SFHC-TEXT-190-PLC-002,潮汕,广东侨乡,广东侨乡,recipient
CSQP-SFHC-TEXT-190,CSQP-SFHC-TEXT-190-PLC-003,潮汕,广东侨乡,广东侨乡,place_mentions
CSQP-SFHC-TEXT-191,CSQP-SFHC-TEXT-191-PLC-001,潮汕,广东侨乡,广东侨乡,title_reference
CSQP-SFHC-TEXT-191,CSQP-SFHC-TEXT-191-PLC-002,潮汕,广东侨乡,广东侨乡,recipient
CSQP-SFHC-TEXT-191,CSQP-SFHC-TEXT-191-PLC-003,潮汕,广东侨乡,广东侨乡,place_mentions
CSQP-SFHC-TEXT-192,CSQP-SFHC-TEXT-192-PLC-001,潮汕,广东侨乡,广东侨乡,title_reference
CSQP-SFHC-TEXT-192,CSQP-SFHC-TEXT-192-PLC-002,潮汕,广东侨乡,广东侨乡,recipient
CSQP-SFHC-TEXT-192,CSQP-SFHC-TEXT-192-PLC-003,潮汕,广东侨乡,广东侨乡,place_mentions
CSQP-SFHC-TEXT-193,CSQP-SFHC-TEXT-193-PLC-001,潮汕,广东侨乡,广东侨乡,title_reference
CSQP-SFHC-TEXT-193,CSQP-SFHC-TEXT-193-PLC-002,潮汕,广东侨乡,广东侨乡,recipient
CSQP-SFHC-TEXT-193,CSQP-SFHC-TEXT-193-PLC-003,潮汕,广东侨乡,广东侨乡,place_mentions
CSQP-SFHC-TEXT-194,CSQP-SFHC-TEXT-194-PLC-001,潮安,广东潮安,广东侨乡,title_reference
CSQP-SFHC-TEXT-194,CSQP-SFHC-TEXT-194-PLC-002,叻,新加坡,新加坡,sender
CSQP-SFHC-TEXT-194,CSQP-SFHC-TEXT-194-PLC-003,潮安,广东潮安,广东侨乡,place_mentions
CSQP-SFHC-TEXT-194,CSQP-SFHC-TEXT-194-PLC-004,叻,新加坡,新加坡,place_mentions
CSQP-SFHC-TEXT-195,CSQP-SFHC-TEXT-195-PLC-001,潮汕,广东侨乡,广东侨乡,title_reference
CSQP-SFHC-TEXT-195,CSQP-SFHC-TEXT-195-PLC-002,潮汕,广东侨乡,广东侨乡,recipient
CSQP-SFHC-TEXT-195,CSQP-SFHC-TEXT-195-PLC-003,潮汕,广东侨乡,广东侨乡,place_mentions
CSQP-SFHC-TEXT-196,CSQP-SFHC-TEXT-196-PLC-001,安南,越南,越南,title_reference
CSQP-SFHC-TEXT-196,CSQP-SFHC-TEXT-196-PLC-002,潮安,广东潮安,广东侨乡,title_reference
CSQP-SFHC-TEXT-196,CSQP-SFHC-TEXT-196-PLC-003,叻,新加坡,新加坡,sender
CSQP-SFHC-TEXT-196,CSQP-SFHC-TEXT-196-PLC-004,安南,越南,越南,recipient
CSQP-SFHC-TEXT-196,CSQP-SFHC-TEXT-196-PLC-005,潮安,广东潮安,广东侨乡,recipient
CSQP-SFHC-TEXT-196,CSQP-SFHC-TEXT-196-PLC-006,安南,越南,越南,body_clean
CSQP-SFHC-TEXT-196,CSQP-SFHC-TEXT-196-PLC-007,潮安,广东潮安,广东侨乡,body_clean
CSQP-SFHC-TEXT-196,CSQP-SFHC-TEXT-196-PLC-008,安南,越南,越南,place_mentions
CSQP-SFHC-TEXT-196,CSQP-SFHC-TEXT-196-PLC-009,潮安,广东潮安,广东侨乡,place_mentions
CSQP-SFHC-TEXT-196,CSQP-SFHC-TEXT-196-PLC-010,叻,新加坡,新加坡,place_mentions
CSQP-SFHC-TEXT-197,CSQP-SFHC-TEXT-197-PLC-001,潮安,广东潮安,广东侨乡,title_reference
CSQP-SFHC-TEXT-197,CSQP-SFHC-TEXT-197-PLC-002,潮安,广东潮安,广东侨乡,recipient
CSQP-SFHC-TEXT-197,CSQP-SFHC-TEXT-197-PLC-003,潮安,广东潮安,广东侨乡,body_clean
CSQP-SFHC-TEXT-197,CSQP-SFHC-TEXT-197-PLC-004,潮安,广东潮安,广东侨乡,place_mentions
CSQP-SFHC-TEXT-198,CSQP-SFHC-TEXT-198-PLC-001,安南,越南,越南,title_reference
CSQP-SFHC-TEXT-198,CSQP-SFHC-TEXT-198-PLC-002,潮安,广东潮安,广东侨乡,title_reference
CSQP-SFHC-TEXT-198,CSQP-SFHC-TEXT-198-PLC-003,叻,新加坡,新加坡,sender
CSQP-SFHC-TEXT-198,CSQP-SFHC-TEXT-198-PLC-004,安南,越南,越南,recipient
CSQP-SFHC-TEXT-198,CSQP-SFHC-TEXT-198-PLC-005,潮安,广东潮安,广东侨乡,recipient
CSQP-SFHC-TEXT-198,CSQP-SFHC-TEXT-198-PLC-006,安南,越南,越南,body_clean
CSQP-SFHC-TEXT-198,CSQP-SFHC-TEXT-198-PLC-007,潮安,广东潮安,广东侨乡,body_clean
CSQP-SFHC-TEXT-198,CSQP-SFHC-TEXT-198-PLC-008,安南,越南,越南,place_mentions
CSQP-SFHC-TEXT-198,CSQP-SFHC-TEXT-198-PLC-009,潮安,广东潮安,广东侨乡,place_mentions
CSQP-SFHC-TEXT-198,CSQP-SFHC-TEXT-198-PLC-010,叻,新加坡,新加坡,place_mentions
CSQP-SFHC-TEXT-199,CSQP-SFHC-TEXT-199-PLC-001,潮汕,广东侨乡,广东侨乡,title_reference
CSQP-SFHC-TEXT-199,CSQP-SFHC-TEXT-199-PLC-002,潮汕,广东侨乡,广东侨乡,recipient
CSQP-SFHC-TEXT-199,CSQP-SFHC-TEXT-199-PLC-003,潮汕,广东侨乡,广东侨乡,place_mentions
CSQP-SFHC-TEXT-200,CSQP-SFHC-TEXT-200-PLC-001,潮汕,广东侨乡,广东侨乡,title_reference
CSQP-SFHC-TEXT-200,CSQP-SFHC-TEXT-200-PLC-002,潮汕,广东侨乡,广东侨乡,recipient
CSQP-SFHC-TEXT-200,CSQP-SFHC-TEXT-200-PLC-003,潮汕,广东侨乡,广东侨乡,place_mentions
CSQP-SFHC-TEXT-201,CSQP-SFHC-TEXT-201-PLC-001,潮汕,广东侨乡,广东侨乡,title_reference
CSQP-SFHC-TEXT-201,CSQP-SFHC-TEXT-201-PLC-002,潮汕,广东侨乡,广东侨乡,recipient
CSQP-SFHC-TEXT-201,CSQP-SFHC-TEXT-201-PLC-003,潮汕,广东侨乡,广东侨乡,place_mentions
CSQP-SFHC-TEXT-202,CSQP-SFHC-TEXT-202-PLC-001,潮汕,广东侨乡,广东侨乡,title_reference
CSQP-SFHC-TEXT-202,CSQP-SFHC-TEXT-202-PLC-002,潮汕,广东侨乡,广东侨乡,recipient
CSQP-SFHC-TEXT-202,CSQP-SFHC-TEXT-202-PLC-003,叻,新加坡,新加坡,body_clean
CSQP-SFHC-TEXT-202,CSQP-SFHC-TEXT-202-PLC-004,潮汕,广东侨乡,广东侨乡,place_mentions
CSQP-SFHC-TEXT-202,CSQP-SFHC-TEXT-202-PLC-005,叻,新加坡,新加坡,place_mentions
CSQP-SFHC-TEXT-203,CSQP-SFHC-TEXT-203-PLC-001,潮汕,广东侨乡,广东侨乡,title_reference
CSQP-SFHC-TEXT-203,CSQP-SFHC-TEXT-203-PLC-002,潮汕,广东侨乡,广东侨乡,recipient
CSQP-SFHC-TEXT-203,CSQP-SFHC-TEXT-203-PLC-003,汕头,广东汕头,广东侨乡,body_clean
CSQP-SFHC-TEXT-203,CSQP-SFHC-TEXT-203-PLC-004,潮汕,广东侨乡,广东侨乡,place_mentions
CSQP-SFHC-TEXT-203,CSQP-SFHC-TEXT-203-PLC-005,汕头,广东汕头,广东侨乡,place_mentions
CSQP-SFHC-TEXT-204,CSQP-SFHC-TEXT-204-PLC-001,潮汕,广东侨乡,广东侨乡,title_reference
CSQP-SFHC-TEXT-204,CSQP-SFHC-TEXT-204-PLC-002,潮汕,广东侨乡,广东侨乡,recipient
CSQP-SFHC-TEXT-204,CSQP-SFHC-TEXT-204-PLC-003,潮汕,广东侨乡,广东侨乡,place_mentions
CSQP-SFHC-TEXT-205,CSQP-SFHC-TEXT-205-PLC-001,潮汕,广东侨乡,广东侨乡,title_reference
CSQP-SFHC-TEXT-205,CSQP-SFHC-TEXT-205-PLC-002,潮汕,广东侨乡,广东侨乡,recipient
CSQP-SFHC-TEXT-205,CSQP-SFHC-TEXT-205-PLC-003,潮汕,广东侨乡,广东侨乡,place_mentions
CSQP-SFHC-TEXT-206,CSQP-SFHC-TEXT-206-PLC-001,潮安,广东潮安,广东侨乡,title_reference
CSQP-SFHC-TEXT-206,CSQP-SFHC-TEXT-206-PLC-002,东凤,广东潮安东凤,广东侨乡,title_reference
CSQP-SFHC-TEXT-206,CSQP-SFHC-TEXT-206-PLC-003,叻,新加坡,新加坡,sender
CSQP-SFHC-TEXT-206,CSQP-SFHC-TEXT-206-PLC-004,潮安,广东潮安,广东侨乡,recipient
CSQP-SFHC-TEXT-206,CSQP-SFHC-TEXT-206-PLC-005,潮安,广东潮安,广东侨乡,body_clean
CSQP-SFHC-TEXT-206,CSQP-SFHC-TEXT-206-PLC-006,汕头,广东汕头,广东侨乡,body_clean
CSQP-SFHC-TEXT-206,CSQP-SFHC-TEXT-206-PLC-007,潮安,广东潮安,广东侨乡,place_mentions
CSQP-SFHC-TEXT-206,CSQP-SFHC-TEXT-206-PLC-008,汕头,广东汕头,广东侨乡,place_mentions
CSQP-SFHC-TEXT-206,CSQP-SFHC-TEXT-206-PLC-009,东凤,广东潮安东凤,广东侨乡,place_mentions
CSQP-SFHC-TEXT-206,CSQP-SFHC-TEXT-206-PLC-010,叻,新加坡,新加坡,place_mentions
CSQP-SFHC-TEXT-207,CSQP-SFHC-TEXT-207-PLC-001,潮汕,广东侨乡,广东侨乡,title_reference
CSQP-SFHC-TEXT-207,CSQP-SFHC-TEXT-207-PLC-002,潮汕,广东侨乡,广东侨乡,recipient
CSQP-SFHC-TEXT-207,CSQP-SFHC-TEXT-207-PLC-003,潮汕,广东侨乡,广东侨乡,place_mentions
CSQP-SFHC-TEXT-208,CSQP-SFHC-TEXT-208-PLC-001,澄邑,广东澄海,广东侨乡,title_reference
CSQP-SFHC-TEXT-208,CSQP-SFHC-TEXT-208-PLC-002,叻,新加坡,新加坡,sender
CSQP-SFHC-TEXT-208,CSQP-SFHC-TEXT-208-PLC-003,澄邑,广东澄海,广东侨乡,recipient
CSQP-SFHC-TEXT-208,CSQP-SFHC-TEXT-208-PLC-004,澄邑,广东澄海,广东侨乡,body_clean
CSQP-SFHC-TEXT-208,CSQP-SFHC-TEXT-208-PLC-005,澄邑,广东澄海,广东侨乡,place_mentions
CSQP-SFHC-TEXT-208,CSQP-SFHC-TEXT-208-PLC-006,叻,新加坡,新加坡,place_mentions
CSQP-SFHC-TEXT-209,CSQP-SFHC-TEXT-209-PLC-001,潮汕,广东侨乡,广东侨乡,title_reference
CSQP-SFHC-TEXT-209,CSQP-SFHC-TEXT-209-PLC-002,潮汕,广东侨乡,广东侨乡,recipient
CSQP-SFHC-TEXT-209,CSQP-SFHC-TEXT-209-PLC-003,潮汕,广东侨乡,广东侨乡,place_mentions
CSQP-SFHC-TEXT-210,CSQP-SFHC-TEXT-210-PLC-001,潮安,广东潮安,广东侨乡,title_reference
CSQP-SFHC-TEXT-210,CSQP-SFHC-TEXT-210-PLC-002,潮安,广东潮安,广东侨乡,recipient
CSQP-SFHC-TEXT-210,CSQP-SFHC-TEXT-210-PLC-003,潮安,广东潮安,广东侨乡,body_clean
CSQP-SFHC-TEXT-210,CSQP-SFHC-TEXT-210-PLC-004,潮安,广东潮安,广东侨乡,place_mentions
CSQP-SFHC-TEXT-211,CSQP-SFHC-TEXT-211-PLC-001,潮汕,广东侨乡,广东侨乡,title_reference
CSQP-SFHC-TEXT-211,CSQP-SFHC-TEXT-211-PLC-002,潮汕,广东侨乡,广东侨乡,recipient
CSQP-SFHC-TEXT-211,CSQP-SFHC-TEXT-211-PLC-003,潮汕,广东侨乡,广东侨乡,place_mentions
CSQP-SFHC-TEXT-212,CSQP-SFHC-TEXT-212-PLC-001,澄邑,广东澄海,广东侨乡,title_reference
CSQP-SFHC-TEXT-212,CSQP-SFHC-TEXT-212-PLC-002,澄邑,广东澄海,广东侨乡,place_mentions
CSQP-SFHC-TEXT-213,CSQP-SFHC-TEXT-213-PLC-001,潮汕,广东侨乡,广东侨乡,title_reference
CSQP-SFHC-TEXT-213,CSQP-SFHC-TEXT-213-PLC-002,潮汕,广东侨乡,广东侨乡,recipient
CSQP-SFHC-TEXT-213,CSQP-SFHC-TEXT-213-PLC-003,潮汕,广东侨乡,广东侨乡,place_mentions
